ID;CD_GEOCODM;NM_MUNICIP;V8Mo;V8d;V1;V2;V3;V4;V5;V6;V7;V8;DB2001;HB2001;LTB2001;DBC2001;HBC2001;LTBC2001
359;5200050;ABADIA DE GOIÁS;4971;1398;43.2;97.42;28.61;13.25;50.27;3.39;5.65;3.56;135.3788541;42.53270998;2.334205236;Medio;Baixo;Baixo
360;5200100;ABADIÂNIA;11452;3214;39.76;88.64;41.6;18.22;43.72;6.97;8.34;3.56;3.241049731;8.653947025;1.212313424;Baixo;Baixo;Baixo
361;5200134;ACREÚNA;18301;5183;37.24;85.03;12.98;20.32;48.59;4.9;9.84;3.53;101.935306;91.00263625;10.53938942;Baixo;Medio;Baixo
362;5200159;ADELÂNDIA;2460;737;25.51;88.47;26.87;22.19;70.61;9.84;8.14;3.34;14.13624047;87.37570025;3.841649726;Baixo;Medio;Baixo
363;5200175;ÁGUA FRIA DE GOIÁS;4469;1144;53.15;79.55;59;23.95;57.94;20.88;19.58;3.91;8.109757112;76.12225318;2.596684191;Baixo;Medio;Baixo
364;5200209;ÁGUA LIMPA;2200;685;28.03;92.99;25.99;15.49;51.07;5.79;9.93;3.21;56.37775802;26.59943779;4.102826265;Baixo;Baixo;Baixo
365;5200258;ÁGUAS LINDAS DE GOIÁS;105746;26388;98.15;95.77;67.22;18.86;63.92;7.46;11.97;4.01;32.13257668;20.44093033;2.6834327;Baixo;Baixo;Baixo
366;5200308;ALEXÂNIA;20047;5505;35.62;92.84;26.16;18.6;61.3;7.34;8.96;3.64;16.33144867;18.44810297;0.730305303;Baixo;Baixo;Baixo
367;5200506;ALOÂNDIA;2128;737;23.74;77.75;24.15;18.35;45.73;4.01;5.97;2.89;16.26619801;27.12410427;4.196151248;Baixo;Baixo;Baixo
368;5200555;ALTO HORIZONTE;2564;755;39.34;71.92;34.3;16.13;38.34;8.41;15.63;3.4;119.1892571;44.8080772;26.78366761;Baixo;Baixo;Medio
369;5200605;ALTO PARAÍSO DE GOIÁS;6182;1517;23.27;73.04;23.47;17.87;65.6;5.57;14.63;4.08;5.803101641;13.85618063;1.994141254;Baixo;Baixo;Baixo
370;5200803;ALVORADA DO NORTE;7560;1913;15.58;83.48;41.19;22.85;71.29;6.32;16.94;3.95;69.07588124;143.7048153;12.50400093;Baixo;Alto;Baixo
371;5200829;AMARALINA;3074;677;52.73;54.8;57.9;23.38;56.59;21.91;9.6;4.54;11.64590209;22.4037306;24.17142846;Baixo;Baixo;Medio
372;5200852;AMERICANO DO BRASIL;4933;1520;27.83;87.3;38.42;17.73;42.87;6.65;4.21;3.25;7.465671866;44.25057396;2.436869654;Baixo;Baixo;Baixo
373;5200902;AMORINÓPOLIS;4145;1305;32.72;82.22;30.96;18.38;46.44;6.87;10.27;3.18;8.891851321;96.6343539;2.782742664;Baixo;Medio;Baixo
374;5201108;ANÁPOLIS;288085;80423;19.61;47.69;6.62;10.12;44.27;3.64;6.85;3.58;37.8444668;43.35159783;3.153568446;Baixo;Baixo;Baixo
375;5201207;ANHANGUERA;895;276;15.94;87.32;10.87;10.37;66.06;0;3.99;3.24;34.67865;37.77592784;6.218102229;Baixo;Baixo;Baixo
376;5201306;ANICUNS;18754;5581;28.15;24.3;25.98;15.95;37.96;6.43;6.33;3.36;59.71775224;57.7108375;5.652093817;Baixo;Baixo;Baixo
377;5201405;APARECIDA DE GOIÂNIA;336392;90943;60.26;78.95;7.52;11.8;54.07;3.39;5.98;3.7;411.4801293;99.36269539;3.96820039;Medio;Medio;Baixo
378;5201454;APARECIDA DO RIO DOCE;2402;703;32.15;90.04;22.9;18.91;44.11;0.76;10.38;3.42;125.9750807;25.31938965;3.877435295;Medio;Baixo;Baixo
379;5201504;APORÉ;3427;1027;38.56;94.35;44.3;17.66;55.51;4.39;5.45;3.34;65.06192535;38.38069658;22.50095631;Baixo;Baixo;Medio
380;5201603;ARAÇU;4127;1246;17.9;91.73;17.01;21.09;17.8;6.13;5.78;3.31;99.59222356;34.02583866;2.750213749;Baixo;Baixo;Baixo
381;5201702;ARAGARÇAS;16592;4737;11.32;93.24;17.44;14.77;63.13;6.33;13.41;3.5;130.6234093;120.7011581;49.16280884;Medio;Alto;Alto
382;5201801;ARAGOIÂNIA;6424;1887;51.46;91.57;36.57;17.01;76.06;2.28;0.69;3.4;107.5279117;80.46639888;13.89072344;Baixo;Medio;Baixo
383;5202155;ARAGUAPAZ;7310;2055;39.81;86.47;43.26;24.57;60.75;6.86;9.54;3.56;18.61262616;159.5119858;46.54439771;Baixo;Alto;Medio
384;5202353;ARENÓPOLIS;3999;1253;37.51;77.81;43.1;20.31;56.4;4.49;7.98;3.19;104.4302965;35.12913263;2.848664471;Baixo;Baixo;Baixo
385;5202502;ARUANÃ;5095;1384;48.19;83.24;37.86;20.72;71.58;7.57;4.99;3.68;7.344738289;30.11301451;2.406168252;Baixo;Baixo;Baixo
386;5202601;AURILÂNDIA;4235;1327;22.46;95.86;27.73;17.95;40.29;6.71;3.84;3.19;53.57618199;64.33152449;19.52942264;Baixo;Medio;Medio
387;5202809;AVELINÓPOLIS;2507;752;35.24;45.21;35.9;18.11;56.25;6.2;3.32;3.33;14.01798261;24.9951446;3.820853384;Baixo;Baixo;Baixo
388;5203104;BALIZA;2270;696;62.21;66.24;63.36;22.92;59.5;10.9;11.64;3.26;61.10209395;188.3310538;57.40630055;Baixo;Alto;Alto
389;5203203;BARRO ALTO;6251;1731;33.62;84.29;28.65;24.71;38.43;4.75;5.37;3.61;22.35115;135.2179331;2.108903026;Baixo;Alto;Baixo
390;5203302;BELA VISTA DE GOIÁS;19210;5741;53.74;79.06;35.26;15.13;25.63;2.02;1.95;3.35;127.7551283;23.72288555;0.759661425;Medio;Baixo;Baixo
391;5203401;BOM JARDIM DE GOIÁS;8068;2421;37.3;88.31;41.39;17.08;55.71;6.28;7.35;3.33;76.82743034;126.9787577;62.81225359;Baixo;Alto;Alto
392;5203500;BOM JESUS DE GOIÁS;16257;4783;41.27;87.16;13.13;17.46;42.65;3.73;9.35;3.4;14.21291568;32.90057111;44.64508159;Baixo;Baixo;Medio
393;5203559;BONFINÓPOLIS;5353;1492;21.38;93.36;17.02;17.54;38.25;4.46;10.46;3.59;92.70219421;154.5309215;2.2211474;Baixo;Alto;Baixo
394;5203575;BONÓPOLIS;2598;671;55.74;66.77;66.77;21.58;62.32;7.29;14.61;3.87;13.66993961;24.63890041;26.91390443;Baixo;Baixo;Medio
395;5203609;BRAZABRANTES;2772;809;33.37;84.43;21.63;17.31;40.47;1.6;5.07;3.43;143.5314919;81.79102297;3.564157074;Medio;Medio;Baixo
396;5203807;BRITÂNIA;5279;1485;32.86;62.96;30.57;19.12;57.72;4.45;8.15;3.55;6.92133523;316.042183;2.296885563;Baixo;Alto;Baixo
397;5203906;BURITI ALEGRE;8718;2892;20.02;71.65;16.39;15.44;21.9;4.77;5.12;3.01;37.87500861;47.23412965;1.555296353;Baixo;Baixo;Baixo
398;5203939;BURITI DE GOIÁS;2659;823;23.33;74.73;25.27;13.85;24.24;5.08;4.25;3.23;13.00128239;23.93234321;3.636817976;Baixo;Baixo;Baixo
399;5203962;BURITINÓPOLIS;3383;780;27.56;57.56;57.82;32.75;79.64;36.71;34.74;4.34;10.57247662;38.52117723;3.155417518;Baixo;Baixo;Baixo
400;5204003;CABECEIRAS;6758;1805;30.08;88.37;46.65;19.41;71.33;10.67;13.96;3.74;5.491380801;13.28279458;1.905879278;Baixo;Baixo;Baixo
401;5204102;CACHOEIRA ALTA;8646;2674;34.29;37.14;31.94;16.86;33.53;4.44;7.7;3.23;49.45558237;29.29097069;59.44343533;Baixo;Baixo;Alto
402;5204201;CACHOEIRA DE GOIÁS;1498;462;20.78;65.37;22.94;20.16;42;4.94;8.87;3.24;22.24738173;31.64194343;5.023247683;Baixo;Baixo;Baixo
403;5204250;CACHOEIRA DOURADA;8525;2509;28.62;62.61;14.79;18.36;32.64;9.34;11.4;3.4;233.5536468;20.42544858;11.36457562;Medio;Baixo;Baixo
404;5204300;CAÇU;10575;3160;28.07;44.37;26.52;14.57;41.12;2.73;2.78;3.35;22.26362323;71.91803926;50.45420201;Baixo;Medio;Alto
405;5204409;CAIAPÔNIA;14673;4273;25.53;44;31.34;19.74;63.99;6.65;7.47;3.43;9.258648085;71.59088501;13.13474859;Baixo;Medio;Baixo
406;5204508;CALDAS NOVAS;49660;14519;33.64;57.34;7.52;10.89;41.41;3.92;7.27;3.42;57.33488954;29.42564067;3.967903084;Baixo;Baixo;Baixo
407;5204557;CALDAZINHA;2859;817;63.4;85.07;59.36;16.01;6.12;2.31;3.18;3.5;43.12731383;41.66567022;3.445395338;Baixo;Baixo;Baixo
408;5204607;CAMPESTRE DE GOIÁS;3167;779;33.25;86.52;29.78;22.15;39.47;5.24;6.68;4.07;125.4994887;39.56240069;143.4267475;Medio;Baixo;Alto
409;5204656;CAMPINAÇU;3707;1049;57.39;64.92;65.4;22.71;61.16;10.2;11.34;3.53;244.8348967;20.42250714;3.044176365;Medio;Baixo;Baixo
410;5204706;CAMPINORTE;9641;2753;38.69;87;36.94;18.6;53.8;6.29;9.04;3.5;980.4850257;75.95091295;36.08840601;Alto;Medio;Medio
411;5204805;CAMPO ALEGRE DE GOIÁS;4528;1335;40.52;90.71;38.13;11.65;30.58;2.9;5.09;3.39;8.114879753;17.68812555;2.597930854;Baixo;Baixo;Baixo
412;5204854;CAMPO LIMPO DE GOIÁS;0;0;0;0;0;0;0;0;0;0;7.698304882;17.04772152;2.495303058;Baixo;Baixo;Baixo
413;5204904;CAMPOS BELOS;17047;4264;16.49;80.14;31.14;20.86;77.66;7.08;12.57;4;53.5074793;57.10006303;0.852625536;Baixo;Baixo;Baixo
414;5204953;CAMPOS VERDES;8057;2238;47.36;86.64;59.96;21.92;65.02;13.81;20.06;3.6;1345.59279;88.00255857;1.858105363;Alto;Medio;Baixo
415;5205000;CARMO DO RIO VERDE;7941;2417;32.11;91.97;36.99;17.85;48.5;5.5;9.56;3.29;66.82173761;11.92067901;169.0846563;Baixo;Baixo;Alto
416;5205059;CASTELÂNDIA;3882;1083;30.66;20.68;29.27;22.45;62.33;6.22;9.33;3.58;32.96730071;35.1123896;2.847165627;Baixo;Baixo;Baixo
417;5205109;CATALÃO;64347;18754;12.99;49.74;13.49;9.76;31.87;2.25;5.99;3.43;43.20170622;26.8600026;1.729573109;Baixo;Baixo;Baixo
418;5205208;CATURAÍ;4330;1235;37.57;97.49;31.82;19.13;49.08;3.07;2.27;3.51;52.15868656;63.16368661;19.14029584;Baixo;Baixo;Medio
419;5205307;CAVALCANTE;9150;2214;52.71;29.99;63.01;44.02;79.02;14.6;22.54;4.13;4.066155799;36.38693706;28.80685676;Baixo;Baixo;Medio
420;5205406;CERES;22209;6312;17.93;83.52;20.56;11.98;38.5;3.92;8.03;3.52;89.09944373;223.1494585;53.12432692;Baixo;Alto;Alto
421;5205455;CEZARINA;6514;1834;27.1;32.88;32.99;14.24;60.75;5.21;6.27;3.55;5.66159087;114.7280592;1.954290718;Baixo;Medio;Baixo
422;5205471;CHAPADÃO DO CÉU;3778;1026;26.51;65.89;22.61;9.74;49.12;1.83;2.53;3.68;103.031795;19.06173728;20.19445906;Baixo;Baixo;Medio
423;5205497;CIDADE OCIDENTAL;40377;10301;18.08;40.34;19.1;10.78;57.43;4.61;9.98;3.92;48.54319612;23.15933044;0.37324363;Baixo;Baixo;Baixo
424;5205513;COCALZINHO DE GOIÁS;14626;3803;53.77;83.51;47.33;19.86;58.65;9.19;15.83;3.85;28.57618805;24.14278253;12.83612038;Baixo;Baixo;Baixo
425;5205521;COLINAS DO SUL;3702;1015;35.37;72.71;43.15;22.38;76.38;16.89;18.13;3.65;9.736477741;20.00058287;57.94241142;Baixo;Baixo;Alto
426;5205703;CÓRREGO DO OURO;2973;938;40.3;83.58;47.76;16.64;25.32;6.35;5.65;3.17;75.19336793;60.97774702;3.474895321;Baixo;Baixo;Baixo
427;5205802;CORUMBÁ DE GOIÁS;9679;2582;52.17;69.83;56.31;19.87;52.3;5.35;7.55;3.75;3.958814935;94.78084992;1.444962439;Baixo;Medio;Baixo
428;5205901;CORUMBAÍBA;6655;2021;35.82;90.75;25.38;11.24;39.24;6.1;4.8;3.29;5.501571276;90.24677983;1.908792533;Baixo;Medio;Baixo
429;5206206;CRISTALINA;34116;8749;30.31;87.26;31.28;16.54;56.99;5.38;7.58;3.9;26.49346318;27.2143453;24.81355656;Baixo;Baixo;Medio
430;5206305;CRISTIANÓPOLIS;2924;903;24.03;94.68;21.04;11.1;27.1;1.24;8.08;3.24;105.3868212;41.66567022;3.445395338;Baixo;Baixo;Baixo
431;5206404;CRIXÁS;14673;4140;44.95;82.25;32.97;18.48;58.77;11.66;11.3;3.54;58.6090268;172.0191291;140.2082807;Baixo;Alto;Alto
432;5206503;CROMÍNIA;3660;1136;23.24;84.86;27.46;16.21;31.35;4.41;3.79;3.22;9.855993806;70.14047545;3.0008467;Baixo;Medio;Baixo
433;5206602;CUMARI;3105;992;27.12;41.13;27.42;14.58;25.81;7.04;10.18;3.13;190.2478704;22.21046762;3.343219676;Medio;Baixo;Baixo
434;5206701;DAMIANÓPOLIS;3303;856;29.91;56.31;70.91;28.06;60.38;11.95;6.89;3.86;11.06734599;57.58669528;3.258661483;Baixo;Baixo;Baixo
435;5206800;DAMOLÂNDIA;2573;780;30.13;93.08;26.15;17.11;42.75;3.06;7.44;3.3;49.64966984;65.74865217;3.78433473;Baixo;Medio;Baixo
436;5206909;DAVINÓPOLIS;2109;665;39.85;90.08;43.01;18.87;87.41;4.83;4.36;3.17;16.51715925;27.34475467;4.235564835;Baixo;Baixo;Baixo
437;5207105;DIORAMA;2498;790;44.43;79.11;44.43;18.23;37.11;4.39;1.52;3.16;51.19069581;129.4203884;3.859918394;Baixo;Alto;Baixo
438;5207253;DOVERLÂNDIA;8558;2395;37.37;64.51;44.84;21.2;35.01;10.72;10.69;3.57;39.49209561;123.8710878;71.1133143;Baixo;Alto;Alto
439;5207352;EDEALINA;3803;1197;46.2;89.97;39.1;17.81;46.29;3.95;2.84;3.18;9.65114192;85.61657178;2.955501217;Baixo;Medio;Baixo
440;5207402;EDÉIA;10223;3084;33.14;93.61;23.67;15.19;39.94;2.24;1.65;3.31;79.18707359;33.19912927;1.342884023;Baixo;Baixo;Baixo
441;5207501;ESTRELA DO NORTE;3398;987;37.28;82.78;45.8;20.74;44.39;9.01;13.37;3.44;66.10771647;56.31381705;3.17827514;Baixo;Baixo;Baixo
442;5207535;FAINA;7419;2088;51.34;72.8;56.23;23.05;60;5.23;11.02;3.55;18.3197411;33.25027321;23.86231676;Baixo;Baixo;Medio
443;5207600;FAZENDA NOVA;7093;2265;37.75;82.83;55.54;16.79;53.19;6.37;7.24;3.13;32.64833187;66.07627013;1.843545601;Baixo;Medio;Baixo
444;5207808;FIRMINÓPOLIS;9909;3087;20.96;94.43;33.17;15.72;47.46;4.26;6.54;3.21;13.65824352;34.40929024;9.983380557;Baixo;Baixo;Baixo
445;5207907;FLORES DE GOIÁS;7514;1447;57.84;62.47;80.44;26.46;76.78;19.62;28.06;5.19;4.790399424;11.93714175;1.700809149;Baixo;Baixo;Baixo
446;5208004;FORMOSA;78651;19783;22.59;89.93;18.75;15.81;61.33;10.2;16.38;3.98;54.69930934;21.87758618;1.406443812;Baixo;Baixo;Baixo
447;5208103;FORMOSO;5589;1618;32.94;80.35;39.8;16.72;63.73;19.42;13.47;3.45;41.59119202;66.5624874;16.06609145;Baixo;Medio;Baixo
448;5208152;GAMELEIRA DE GOIÁS;0;0;0;0;0;0;0;0;0;0;13.49759088;24.45961448;3.727848557;Baixo;Baixo;Baixo
449;5208301;DIVINÓPOLIS DE GOIÁS;5172;1280;26.25;72.66;34.61;28.28;71.44;12.91;13.98;4.04;7.115569513;56.07203723;31.26696785;Baixo;Baixo;Medio
450;5208400;GOIANÁPOLIS;10671;2812;28.24;97.51;11.06;18.75;65.19;2.71;15.33;3.79;21.14840515;46.44325568;1.270373661;Baixo;Baixo;Baixo
451;5208509;GOIANDIRA;4967;1536;16.6;92.45;18.82;11.96;39.95;5.98;5.27;3.23;221.232156;58.16358177;2.442736571;Medio;Baixo;Baixo
452;5208608;GOIANÉSIA;49160;13693;32.99;62;9.56;15.98;46.71;4.17;7.3;3.59;32.80403324;113.7750118;4.20289823;Baixo;Medio;Baixo
453;5208707;GOIÂNIA;1093007;313708;12.59;19.26;1.23;7.35;41.7;2.56;6.26;3.48;510.446452;74.34965597;3.158255803;Medio;Medio;Baixo
454;5208806;GOIANIRA;18719;5242;43.59;88.82;12.86;15.54;50.19;5.46;13.3;3.57;132.6875846;110.1591144;0.759128572;Medio;Medio;Baixo
455;5208905;GOIÁS;27120;7855;28.21;67.32;32.18;17.32;58.43;3.91;6.93;3.45;74.8490357;109.8294061;7.525172235;Baixo;Medio;Baixo
456;5209101;GOIATUBA;31130;9395;32.58;81.35;13.44;12.74;35.67;3.41;2.9;3.31;13.93149074;9.562340536;15.65401354;Baixo;Baixo;Baixo
457;5209150;GOUVELÂNDIA;4009;1242;42.67;88.65;48.55;17.67;58.59;6.51;2.98;3.23;9.136366859;19.17652322;2.839198359;Baixo;Baixo;Baixo
458;5209200;GUAPÓ;13863;3756;30.4;92.73;37.65;17.14;46.33;4.68;4.02;3.69;253.8334668;214.3506929;13.65653084;Medio;Alto;Baixo
459;5209291;GUARAÍTA;2794;842;52.97;71.73;53.33;17.8;50.97;9.03;11.16;3.32;12.74335121;23.6516891;3.588581385;Baixo;Baixo;Baixo
460;5209408;GUARANI DE GOIÁS;4678;1096;46.17;54.47;61.41;31.61;62.35;15.93;24.18;4.27;91.45099011;32.08924201;50.23789736;Baixo;Baixo;Alto
461;5209457;GUARINOS;2844;807;43;65.8;58.12;18.8;66.33;17.8;16.36;3.52;12.99251658;43.69195151;3.635189207;Baixo;Baixo;Baixo
462;5209606;HEITORAÍ;3445;925;27.35;76.86;39.14;16.28;55.91;5.86;6.05;3.72;10.32880332;123.8126918;3.103538305;Baixo;Alto;Baixo
463;5209705;HIDROLÂNDIA;13086;3697;48.55;89.75;43.06;15.88;30.92;2.12;4.87;3.54;237.3302228;40.54551909;1.102557654;Medio;Baixo;Baixo
464;5209804;HIDROLINA;4548;1329;39.88;82.24;51.92;16.56;63.97;7.04;8.28;3.42;135.7337417;61.94621342;2.616775481;Medio;Baixo;Baixo
465;5209903;IACIARA;11295;2656;31.36;85.32;41.91;24.17;76.38;14.36;21.23;4.25;2974.803379;16.12940453;8.866223704;Alto;Baixo;Baixo
466;5209937;INACIOLÂNDIA;5239;1566;30.52;95.98;27.59;23.32;51.15;7.29;8.68;3.35;43.40761253;15.94901466;2.320856862;Baixo;Baixo;Baixo
467;5209952;INDIARA;11816;3382;23.74;92.64;21.94;16.69;52.14;4.89;7.24;3.49;3.142734879;22.36172526;1.179545161;Baixo;Baixo;Baixo
468;5210000;INHUMAS;43897;12520;26.05;62.57;8.99;13.73;45.53;3.72;6.76;3.51;70.09212773;122.0628137;0.350797421;Baixo;Alto;Baixo
469;5210109;IPAMERI;22628;6814;21.28;40.78;19.99;12.86;39.4;1.75;3.11;3.32;45.10615958;16.76241613;0.661961254;Baixo;Baixo;Baixo
470;5210158;IPIRANGA DE GOIÁS;0;0;0;0;0;0;0;0;0;0;12.72231814;23.62859809;3.584619364;Baixo;Baixo;Baixo
471;5210208;IPORÁ;31300;9620;15.53;95.23;14.8;13.94;39.07;4.67;6.34;3.25;32.7632239;95.32325811;12.53802042;Baixo;Medio;Baixo
472;5210307;ISRAELÂNDIA;3004;930;30.11;92.69;44.84;18.7;63.42;4.43;4.09;3.23;12.12971843;79.89735536;3.471180226;Baixo;Medio;Baixo
473;5210406;ITABERAÍ;27879;7943;32.07;90.94;26.84;18.21;51;3.81;5.6;3.51;25.95982726;95.64103213;0.542051649;Baixo;Medio;Baixo
474;5210562;ITAGUARI;4385;1362;37.89;74.74;26.73;20;53.25;9.17;4.04;3.22;8.505279871;33.36827563;2.691841438;Baixo;Baixo;Baixo
475;5210604;ITAGUARU;5696;1682;23.72;79.13;27.59;15.19;53.07;6.06;8.98;3.39;40.69017593;27.7848077;2.205156472;Baixo;Baixo;Baixo
476;5210802;ITAJÁ;6572;1944;37.5;48.71;35.7;17.32;32.59;3.3;9.26;3.38;40.27793989;15.09926626;42.60919794;Baixo;Baixo;Medio
477;5210901;ITAPACI;13931;3938;35.37;75.77;32.78;16.57;45.95;4.45;6.3;3.54;9.6743716;56.11679487;7.347394141;Baixo;Baixo;Baixo
478;5211008;ITAPIRAPUÃ;10856;3017;38.58;84.02;45.97;19.23;50.33;7.76;11.37;3.6;12.18542487;16.41816978;1.26148905;Baixo;Baixo;Baixo
479;5211206;ITAPURANGA;26740;7879;28.43;92.23;36.3;18.26;48.23;6.62;9.66;3.39;35.10221144;49.29035394;18.28235226;Baixo;Baixo;Medio
480;5211305;ITARUMÃ;5446;1669;52.01;60.22;51.17;17.74;48.65;4.34;3.06;3.26;60.22393948;41.61736477;30.36681678;Baixo;Baixo;Medio
481;5211404;ITAUÇU;8277;2450;22.2;94.53;22.69;15.51;40.98;5.8;5.76;3.38;28.62476471;165.0786111;1.650992539;Baixo;Alto;Baixo
482;5211503;ITUMBIARA;81430;24216;27.38;34.77;9.96;12.51;34.15;2.9;6.66;3.36;243.4480526;21.57509669;7.352683738;Medio;Baixo;Baixo
483;5211602;IVOLÂNDIA;2992;971;48.51;75.28;58.19;20.29;44.87;8.06;4.43;3.08;74.32648047;41.6892483;3.447590451;Baixo;Baixo;Baixo
484;5211701;JANDAIA;6342;1984;36.9;81.8;28.33;13.99;50.51;8.38;6.85;3.2;37.3223324;37.83994705;2.057321165;Baixo;Baixo;Baixo
485;5211800;JARAGUÁ;33284;9248;33.16;82.57;33.13;15.53;49.15;3.16;9.47;3.6;59.7525775;66.86324753;8.879048638;Baixo;Medio;Baixo
486;5211909;JATAÍ;75451;21395;23.53;35.99;22.93;12.79;45.33;4.48;7.16;3.53;65.25646538;69.61884602;20.53384406;Baixo;Medio;Medio
487;5212006;JAUPACI;3154;955;25.55;89.32;29.21;19.21;60.79;8.73;13.09;3.3;11.41142274;40.40870837;23.83438729;Baixo;Baixo;Medio
488;5212055;JESÚPOLIS;2123;602;40.37;95.85;31.56;20.06;61.34;4.02;3.49;3.53;101.4910108;27.240113;4.216861006;Baixo;Baixo;Baixo
489;5212105;JOVIÂNIA;6904;2093;24.46;95.27;16.39;14.4;34.58;4.78;8.41;3.3;102.798358;45.38520936;1.869446071;Baixo;Baixo;Baixo
490;5212204;JUSSARA;20034;5840;25.62;82.05;32.36;17.54;49.13;5.32;9.3;3.43;16.79821521;275.1584513;9.986445327;Baixo;Alto;Baixo
491;5212253;LAGOA SANTA;0;0;0;0;0;0;0;0;0;0;33.44481363;37.2985484;6.121960217;Baixo;Baixo;Baixo
492;5212303;LEOPOLDO DE BULHÕES;7766;2236;35.55;87.48;40.88;16.24;33.49;4.53;7.96;3.47;4.810129337;21.87279938;1.70670994;Baixo;Baixo;Baixo
493;5212501;LUZIÂNIA;141082;35832;61.02;78.04;28.7;16.26;59.09;6.87;12.51;3.94;80.2977678;26.00650715;1.439852386;Baixo;Baixo;Baixo
494;5212600;MAIRIPOTABA;2403;759;35.57;80.76;36.1;16.58;35.1;1.13;3.56;3.17;53.35949168;25.81082834;3.963585268;Baixo;Baixo;Baixo
495;5212709;MAMBAÍ;4838;1119;10.9;61.3;63.36;28.98;78.16;11.75;11.26;4.32;7.481613749;44.31777388;77.6206721;Baixo;Baixo;Alto
496;5212808;MARA ROSA;11939;3368;32.93;74.52;43.14;20.19;49.35;6.44;8.02;3.54;44.64265815;36.8065483;8.570088577;Baixo;Baixo;Baixo
497;5212907;MARZAGÃO;1920;562;13.88;96.62;14.41;16.29;15.96;2.48;5.69;3.42;153.2300628;28.1330432;31.34062279;Medio;Baixo;Medio
498;5212956;MATRINCHÃ;4520;1286;32.43;81.8;34.45;20.22;52.5;2.6;6.84;3.51;28.71090844;104.2314975;2.566713253;Baixo;Medio;Baixo
499;5213004;MAURILÂNDIA;8969;2592;16.55;94.79;11.3;21.48;54.52;2.82;4.24;3.46;4.091624957;80.00861091;10.64535963;Baixo;Medio;Baixo
500;5213053;MIMOSO DE GOIÁS;2801;752;60.24;70.88;65.16;28.29;69.48;12.2;20.08;3.72;219.4779331;124.1673985;26.36448225;Medio;Alto;Medio
501;5213087;MINAÇU;33608;9004;16.66;75;18.74;15.68;58.28;9.02;14.56;3.73;104.1103604;108.6742644;34.27195603;Baixo;Medio;Medio
502;5213103;MINEIROS;39024;10642;12.11;26.6;13.18;15.02;48.45;4.62;5.95;3.67;113.3038649;40.83218786;14.82909403;Baixo;Baixo;Baixo
503;5213400;MOIPORÁ;2023;646;36.07;93.5;56.35;16.36;42.39;2.04;1.08;3.13;17.35776093;213.5725412;4.364235317;Baixo;Alto;Baixo
504;5213509;MONTE ALEGRE DE GOIÁS;6892;1668;46.28;61.21;66.55;27.6;70.06;23.56;27.7;4.13;5.50471442;101.2834562;1.909690712;Baixo;Medio;Baixo
505;5213707;MONTES CLAROS DE GOIÁS;7991;2414;46.11;91.92;51.78;17.57;42.46;3.55;3.44;3.31;16.96893306;206.7987083;63.76772378;Baixo;Alto;Alto
506;5213756;MONTIVIDIU;7736;2140;34.77;89.67;31.12;16.2;30.52;4.05;6.45;3.61;53.51082194;31.20433262;42.93404398;Baixo;Baixo;Medio
507;5213772;MONTIVIDIU DO NORTE;3789;889;52.19;32.85;67.72;23.05;53.43;37.56;34.42;4.26;9.230457836;19.30809128;126.2147042;Baixo;Baixo;Alto
508;5213806;MORRINHOS;36990;11549;17.58;68.08;13.74;13.34;37.81;2.98;5.81;3.2;40.82811245;70.92351515;13.17503451;Baixo;Medio;Baixo
509;5213855;MORRO AGUDO DE GOIÁS;2489;773;35.45;86.42;42.43;15.96;67.4;11.71;4.27;3.22;14.20920546;46.00186329;146.3138582;Baixo;Baixo;Alto
510;5213905;MOSSÂMEDES;5798;1715;36.27;85.66;49.56;16.83;38.13;6.72;8.05;3.38;6.55410324;52.80860296;2.199777841;Baixo;Baixo;Baixo
511;5214002;MOZARLÂNDIA;11186;2968;33.76;90.33;36.08;18.68;55.32;3.87;5.69;3.77;20.80894915;252.3724837;16.68119577;Baixo;Alto;Baixo
512;5214051;MUNDO NOVO;8109;2095;56.9;82;66.25;22.04;68.67;5.36;8.78;3.87;4.438430307;122.5950626;1.594244725;Baixo;Alto;Baixo
513;5214101;MUTUNÓPOLIS;3958;1141;41.89;72.57;41.54;22.4;63.06;5.1;10.87;3.47;9.241524573;19.32350715;20.50077435;Baixo;Baixo;Medio
514;5214408;NAZÁRIO;6631;2000;17.85;93.6;16.95;14.31;15.92;7.89;7.7;3.32;250.967222;113.2016432;1.926460822;Medio;Medio;Baixo
515;5214507;NERÓPOLIS;18578;4943;22.68;91.38;10.14;14.54;53.6;1.41;1.98;3.76;114.8831944;121.4701885;0.773598689;Baixo;Alto;Baixo
516;5214606;NIQUELÂNDIA;38573;10328;31.39;59.28;36.73;18.16;64.42;6.78;4.79;3.73;42.51382043;106.3413583;192.7096407;Baixo;Medio;Alto
517;5214705;NOVA AMÉRICA;2185;650;33.69;68.31;36.77;18.27;35.22;4.43;0.62;3.36;15.8709908;26.77008255;29.59314909;Baixo;Baixo;Medio
518;5214804;NOVA AURORA;1927;601;17.47;74.71;23.63;15.45;41.68;2.26;1.83;3.21;17.84810206;51.98553695;31.76892256;Baixo;Baixo;Medio
519;5214838;NOVA CRIXÁS;11061;3010;60.13;40.07;46.81;25.21;75.28;7.48;8.77;3.67;3.415087245;180.9776523;16.9134458;Baixo;Alto;Baixo
520;5214861;NOVA GLÓRIA;8944;2708;36;92.36;52.47;18.93;39.31;8.32;11.12;3.3;15.01409719;63.696948;10.83590325;Baixo;Baixo;Baixo
521;5214879;NOVA IGUAÇU DE GOIÁS;2746;783;52.11;68.71;46.87;17.26;68.14;3.95;7.79;3.51;426.8826195;44.26069686;26.41240977;Medio;Baixo;Medio
522;5214903;NOVA ROMA;3717;926;30.78;53.02;67.39;21.09;72.43;18.08;17.71;4.01;62.83398897;20.55083264;3.065445318;Baixo;Baixo;Baixo
523;5215009;NOVA VENEZA;6414;1811;23.52;95.64;18.55;15.32;44.25;5.28;10.6;3.54;20.46883966;70.0883922;1.963509377;Baixo;Medio;Baixo
524;5215207;NOVO BRASIL;4181;1397;39.37;84.11;73.3;17.35;51.56;4.47;4.37;2.99;31.95593136;34.38582164;2.782265736;Baixo;Baixo;Baixo
525;5215231;NOVO GAMA;74380;18620;31.86;67.98;15.91;16.94;58.5;7.3;12.6;3.99;107.9409743;17.70302932;2.713888597;Baixo;Baixo;Baixo
526;5215256;NOVO PLANALTO;3432;929;30.57;95.05;59.85;19.92;59.35;7.49;12.16;3.69;67.56830427;39.30908454;3.227563213;Baixo;Baixo;Baixo
527;5215306;ORIZONA;13067;3847;46.53;91.29;48.77;12.99;21.53;3.15;3.93;3.4;17.86905722;53.16948618;1.093276069;Baixo;Baixo;Baixo
528;5215405;OURO VERDE DE GOIÁS;4358;1237;44.7;92.4;44.95;15.86;41.92;8.45;8.57;3.52;8.417967365;18.14157159;19.12454957;Baixo;Baixo;Medio
529;5215504;OUVIDOR;4271;1284;25.78;92.76;25.7;11.39;38.45;3.79;5.92;3.33;30.4393561;48.32033844;2.682943856;Baixo;Baixo;Baixo
530;5215603;PADRE BERNARDO;21514;5681;45.24;80.39;50.06;21.07;62.54;9.38;18.71;3.79;440.5311223;78.64809308;4.87706526;Medio;Medio;Baixo
531;5215652;PALESTINA DE GOIÁS;3307;983;51.58;83.21;55.95;19;59.73;7.89;5.29;3.36;10.84926166;39.15587095;3.213507343;Baixo;Baixo;Baixo
532;5215702;PALMEIRAS DE GOIÁS;17822;5357;57.7;88.71;29.01;13.99;57.35;4.96;5.26;3.33;35.29142536;35.71945173;16.14036605;Baixo;Baixo;Baixo
533;5215801;PALMELO;2309;705;10.21;85.96;8.09;17.6;31.89;2.28;2.27;3.28;15.06452565;112.0357192;4.000703662;Baixo;Medio;Baixo
534;5215900;PALMINÓPOLIS;3561;1108;36.19;69.31;35.38;13.28;17.25;0.81;0.54;3.21;10.17071054;37.5780271;21.97765107;Baixo;Baixo;Medio
535;5216007;PANAMÁ;2776;884;30.43;81.45;30.09;19.18;32.22;5.99;10.18;3.14;12.68880927;23.59174611;25.62062988;Baixo;Baixo;Medio
536;5216304;PARANAIGUARA;8192;2548;11.42;10.44;15.38;17.43;35.61;7.54;7.22;3.22;28.08552441;30.32586934;1.624557427;Baixo;Baixo;Baixo
537;5216403;PARAÚNA;10834;3136;30.29;67.41;31.19;18.29;52.86;4.26;4.91;3.45;120.0230622;69.53966914;9.187186293;Baixo;Medio;Baixo
538;5216452;PEROLÂNDIA;2791;638;44.04;85.74;32.6;18.38;48.01;6.04;8.93;4.37;12.14118189;41.96631078;3.473408329;Baixo;Baixo;Baixo
539;5216809;PETROLINA DE GOIÁS;10381;3071;39.37;88.15;38.42;19.9;58.53;3.95;2.61;3.38;22.58401285;41.17234989;26.21795407;Baixo;Baixo;Medio
540;5216908;PILAR DE GOIÁS;3339;936;61.22;49.89;68.16;15.96;59.62;9.69;4.81;3.57;11.39455372;22.10498182;3.325413735;Baixo;Baixo;Baixo
541;5217104;PIRACANJUBA;23557;7166;46.73;87.43;31.02;14.15;30.94;3.02;4.87;3.29;22.53462053;73.9123355;0.639181492;Baixo;Medio;Baixo
542;5217203;PIRANHAS;12287;3665;24.94;86.11;21.83;16.69;60.51;8.17;9.03;3.35;485.3601303;180.3439284;15.51094033;Medio;Alto;Baixo
543;5217302;PIRENÓPOLIS;21245;5789;36.24;75.33;42.08;18.17;44.94;6.13;8.41;3.67;1.797483474;64.63202201;48.65730044;Baixo;Medio;Alto
544;5217401;PIRES DO RIO;26229;7685;9.79;83.29;19.31;10.4;31.03;2.54;2.75;3.41;31.25924376;49.14035601;18.22555217;Baixo;Baixo;Medio
545;5217609;PLANALTINA;73718;18219;26.35;94.23;27.64;20.65;64.37;9.44;17.37;4.05;5.614585966;33.92807718;5.228625535;Baixo;Baixo;Baixo
546;5217708;PONTALINA;16556;5153;31.32;93.15;22.55;14.86;28.54;2.99;4.66;3.21;55.44517563;6.362536054;6.307890031;Baixo;Baixo;Baixo
547;5218003;PORANGATU;39593;10942;35.26;89.32;20.26;14.95;53.47;4.62;7.19;3.62;83.62792315;95.70782222;80.06218491;Baixo;Medio;Alto
548;5218052;PORTEIRÃO;2823;805;34.66;66.46;16.65;21.58;56.98;4.21;9.19;3.51;12.53609917;42.77860283;3.549350985;Baixo;Baixo;Baixo
549;5218102;PORTELÂNDIA;3696;1036;39.48;95.08;26.83;16.82;51.4;3.75;7.24;3.57;9.629439659;36.26467206;2.950666458;Baixo;Baixo;Baixo
550;5218300;POSSE;25696;6168;25.99;77.01;48.83;25.14;64.28;10.78;15.22;4.17;85.16301184;25.40794753;22.17886816;Baixo;Baixo;Medio
551;5218391;PROFESSOR JAMIL;3403;976;35.35;79.41;34.43;18.66;38.51;5.77;7.79;3.49;118.7375177;107.3410551;3.126249781;Baixo;Medio;Baixo
552;5218508;QUIRINÓPOLIS;36512;11174;34.37;20.31;20.55;14.22;38.25;4.7;7.47;3.27;190.1775703;36.34077235;39.37274935;Medio;Baixo;Medio
553;5218607;RIALMA;10210;2861;11.43;87;11.57;12.78;52.7;3.5;5.7;3.57;60.3001923;48.97025029;117.1532762;Baixo;Baixo;Alto
554;5218706;RIANÁPOLIS;4364;1242;17.79;88.33;19.16;18.52;52.79;6.53;7.65;3.51;51.78502137;107.6392777;51.79298908;Baixo;Medio;Alto
555;5218789;RIO QUENTE;2097;627;35.41;73.52;21.85;9.52;37.8;2.1;4.15;3.34;15.55707667;70.25237211;4.082192069;Baixo;Medio;Baixo
556;5218805;RIO VERDE;116552;32769;26.6;35.86;14.06;13.39;42.9;3.98;5.59;3.56;27.8085733;41.92519288;12.47377449;Baixo;Baixo;Baixo
557;5218904;RUBIATABA;18087;5396;20.18;94.68;20.87;15.43;40.72;3.47;3.3;3.35;110.3084791;44.76927146;20.8328069;Baixo;Baixo;Medio
558;5219001;SANCLERLÂNDIA;7530;2358;17.64;85.2;37.49;16.12;40.69;8.33;8.99;3.19;43.85602657;63.29486473;1.760954535;Baixo;Baixo;Baixo
559;5219100;SANTA BÁRBARA DE GOIÁS;4963;1409;18.31;89.57;12.56;16.47;44.85;3.62;7.24;3.52;101.489611;83.93856742;17.07882016;Baixo;Medio;Baixo
560;5219209;SANTA CRUZ DE GOIÁS;3470;1026;58.87;92.3;59.16;13.72;24.68;2.62;3.9;3.38;10.36770276;55.2572193;3.111867196;Baixo;Baixo;Baixo
561;5219258;SANTA FÉ DE GOIÁS;4083;1138;39.98;87.52;29.53;19;49.85;6.92;13.09;3.59;8.806516091;65.08738232;2.762851469;Baixo;Medio;Baixo
562;5219308;SANTA HELENA DE GOIÁS;34545;9891;26.69;72.39;13.27;18.25;47.32;2.63;6.36;3.49;81.28146059;108.6336921;11.42817245;Baixo;Medio;Baixo
563;5219357;SANTA ISABEL;3592;1100;36.27;88.55;47.45;19.31;46.92;6.15;3.55;3.27;63.11662349;20.61033527;59.90722136;Baixo;Baixo;Alto
564;5219407;SANTA RITA DO ARAGUAIA;5087;1505;13.95;89.9;11.56;16.9;50.64;9.67;15.61;3.38;230.5393367;43.00564977;31.46717181;Medio;Baixo;Medio
565;5219456;SANTA RITA DO NOVO DESTINO;3025;745;57.72;84.3;61.07;24.56;61.82;2.15;3.76;4.06;11.72740737;22.49953701;45.18307032;Baixo;Baixo;Medio
566;5219506;SANTA ROSA DE GOIÁS;3548;1080;47.41;95.19;35.46;17.85;29.08;8.36;6.3;3.29;91.11914328;55.27624922;22.28952679;Baixo;Baixo;Medio
567;5219605;SANTA TEREZA DE GOIÁS;4697;1333;19.43;80.2;47.26;17.77;59.94;12.43;10.5;3.52;274.8903914;89.20778318;18.25071002;Medio;Medio;Medio
568;5219704;SANTA TEREZINHA DE GOIÁS;12015;3321;50.74;84.85;27.76;19.84;60.55;3.61;3.01;3.62;71.90760214;205.1136652;8.831865612;Baixo;Alto;Baixo
569;5219712;SANTO ANTÔNIO DA BARRA;4052;1112;33.72;71.49;25.27;25.4;52.5;7.64;10.07;3.64;123.0566944;111.4666552;19.7820274;Baixo;Medio;Medio
570;5219738;SANTO ANTÔNIO DE GOIÁS;3106;819;21.37;97.19;15.87;17.5;60.43;2.21;2.93;3.79;241.9778326;75.75685611;3.269819652;Medio;Medio;Baixo
571;5219753;SANTO ANTÔNIO DO DESCOBERTO;51897;12995;36.41;96.01;46.78;20.24;60.12;10.19;16.61;3.99;13.04971876;13.98980968;3.722153388;Baixo;Baixo;Baixo
572;5219803;SÃO DOMINGOS;9636;2289;43.69;51.46;65.57;29.93;63.84;19.57;23.29;4.21;14.22188283;10.22627413;45.92530723;Baixo;Baixo;Medio
573;5219902;SÃO FRANCISCO DE GOIÁS;6028;1675;40.12;82.75;37.97;20.3;43.66;6.24;6.27;3.6;22.24706364;122.7264991;2.100987876;Baixo;Alto;Baixo
574;5220009;SÃO JOÃO D'ALIANÇA;6736;1677;31.31;83.48;38.22;19.82;66.45;9.41;12.28;4.02;5.252636854;44.64879643;24.46989719;Baixo;Baixo;Medio
575;5220058;SÃO JOÃO DA PARAÚNA;2024;633;38.55;18.48;38.86;15.48;23.37;4.29;3.79;3.2;16.99795283;27.75874536;30.85804016;Baixo;Baixo;Medio
576;5220108;SÃO LUÍS DE MONTES BELOS;26383;8019;17.28;61.4;19.62;13.77;45.34;4.77;5.94;3.29;72.47595407;167.1675048;7.655179662;Baixo;Alto;Baixo
577;5220157;SÃO LUÍZ DO NORTE;4089;1132;67.05;84.19;42.23;22.09;64.27;7.6;10.78;3.61;78.19641479;127.8554213;2.785129757;Baixo;Alto;Baixo
578;5220207;SÃO MIGUEL DO ARAGUAIA;22793;6298;52.4;88.54;22.09;19.34;54.56;6.84;12.48;3.62;142.54255;286.9476328;76.89317805;Medio;Alto;Alto
579;5220264;SÃO MIGUEL DO PASSA QUATRO;3481;937;61.58;90.07;60.09;11.62;11.37;1.94;5.55;3.72;10.19492421;20.60682558;3.074735029;Baixo;Baixo;Baixo
580;5220280;SÃO PATRÍCIO;1835;543;54.33;62.43;52.85;18.55;46.33;10.66;12.89;3.38;18.66945544;53.17373299;32.61580259;Baixo;Baixo;Medio
581;5220405;SÃO SIMÃO;13552;4061;2.93;18.27;5.15;17.1;45.91;8.23;11.2;3.34;45.49512488;57.10847858;1.044997945;Baixo;Baixo;Baixo
582;5220454;SENADOR CANEDO;53105;14249;46.39;94.59;12.37;14.33;60.33;5.69;8.49;3.73;366.6216545;66.53517843;3.706521788;Medio;Medio;Baixo
583;5220504;SERRANÓPOLIS;6447;1959;42.73;81.83;42.78;18.6;43.97;5.77;4.75;3.29;36.6908559;37.35557638;14.52790262;Baixo;Baixo;Baixo
584;5220603;SILVÂNIA;20339;5731;46.92;81.96;47.37;13.77;22.09;4.99;8.29;3.55;18.58850128;5.959871798;5.896681036;Baixo;Baixo;Baixo
585;5220686;SIMOLÂNDIA;6219;1500;12.6;82.4;41.13;26.88;77.48;17.59;15.6;4.15;67.27772613;60.5095297;26.96946477;Baixo;Baixo;Medio
586;5220702;SÍTIO D'ABADIA;2681;636;43.71;43.08;90.25;30.16;62.19;12.3;24.21;4.22;13.29734099;44.28730433;3.691398465;Baixo;Baixo;Baixo
587;5221007;TAQUARAL DE GOIÁS;3587;1109;35.26;90.35;34.08;17.3;42.87;9.96;11;3.23;1247.469183;38.03721009;3.111270793;Alto;Baixo;Baixo
588;5221080;TERESINA DE GOIÁS;2585;625;31.84;63.68;31.84;29.78;88.32;18.16;19.52;4.14;13.00128239;23.93234321;3.636817976;Baixo;Baixo;Baixo
589;5221197;TEREZÓPOLIS DE GOIÁS;5083;1336;39;90.57;21.48;21.8;59.1;4.91;5.46;3.8;43.40761253;95.02741686;2.320856862;Baixo;Medio;Baixo
590;5221304;TRÊS RANCHOS;2831;870;34.14;95.63;22.99;12;45.55;7.02;9.31;3.25;364.9916026;23.22053671;3.514769842;Medio;Baixo;Baixo
591;5221403;TRINDADE;81457;22134;30.43;61.54;7.18;13.96;43.02;4.92;10.41;3.68;261.3600819;88.17724353;2.486310673;Medio;Medio;Baixo
592;5221452;TROMBAS;3434;949;29.93;81.56;47.21;19.22;67.03;9.23;9.17;3.62;10.76742301;38.96946067;22.88640407;Baixo;Baixo;Medio
593;5221502;TURVÂNIA;5134;1589;28.07;89.49;31.4;16.91;23.91;4.26;4.22;3.23;26.03967988;164.7254;2.380412041;Baixo;Alto;Baixo
594;5221551;TURVELÂNDIA;3524;959;36.6;76.02;37.33;23.34;40.89;9.61;7.51;3.67;9.9194113;36.97450608;3.014778918;Baixo;Baixo;Baixo
595;5221577;UIRAPURU;3043;822;43.67;34.67;44.4;23.73;53.63;12.94;12.9;3.7;7825.840346;134.632475;192.375946;Alto;Alto;Alto
596;5221601;URUAÇU;33530;9351;35.16;80.3;23.84;16.9;55.25;7.48;11.29;3.59;520.5958226;106.7876311;43.08862425;Medio;Medio;Medio
597;5221700;URUANA;13938;4097;25.65;86.8;29.05;15.31;34.28;4.8;7.96;3.4;73.18633454;13.57364822;26.52906612;Baixo;Baixo;Medio
598;5221809;URUTAÍ;3104;954;32.18;87;30.4;12.37;45.7;2.98;8.91;3.25;70.94434743;22.18603548;44.47675451;Baixo;Baixo;Medio
599;5221858;VALPARAÍSO DE GOIÁS;94856;24551;57.04;72.99;7.23;11.9;57.47;5.84;10.73;3.86;119.6038484;8.056289281;1.147231671;Baixo;Baixo;Baixo
600;5221908;VARJÃO;3519;1102;44.1;93.19;40.93;20.14;49.21;3.34;3.18;3.19;10.33711432;55.15278856;3.105319312;Baixo;Baixo;Baixo
601;5222005;VIANÓPOLIS;11300;3165;36.65;93.52;30.43;14.87;42.49;3.94;6.41;3.57;3.268536378;15.91912313;16.2695228;Baixo;Baixo;Baixo
602;5222054;VICENTINÓPOLIS;6015;1717;17.18;77.93;18.75;17.48;29.01;6.56;10.25;3.5;21.89200275;180.6339898;2.073879135;Baixo;Alto;Baixo
603;5222203;VILA BOA;3287;785;14.01;76.82;32.99;27.57;75.06;11.28;10.06;4.19;66.88624794;39.0589917;3.204626265;Baixo;Baixo;Baixo
604;5222302;VILA PROPÍCIO;4492;1164;64.35;69.67;72.59;28.97;54.41;7.42;15.81;3.86;49.71291289;17.56233934;2.577717426;Baixo;Baixo;Baixo
605;5300108;BRASILIA;2051146;547656;11.32;9.59;3.86;8.82;49.92;3.14;7.02;3.75;75.29228274;17.25003603;2.437263086;Baixo;Baixo;Baixo
359;5200050;ABADIA DE GOIÁS;6858;2132;25.47;64.59;10.65;8.01;56.63;27.39;8.82;3.22;951.5225808;77.85967771;1.571991421;Baixo;Medio;Baixo
360;5200100;ABADIÂNIA;15299;4637;27.35;21.05;24.74;10.66;56.06;32.48;10.24;3.3;89.48563149;3.534078292;0.768823021;Baixo;Baixo;Baixo
361;5200134;ACREÚNA;20029;6427;40.14;82.42;8.96;15.13;60.45;30.25;9.46;3.12;1267.452834;144.2910662;5.172127291;Medio;Alto;Baixo
362;5200159;ADELÂNDIA;2460;844;14.81;77.01;11.85;14.16;58.18;31.28;9.24;2.91;84.57595431;63.6053802;3.24545985;Baixo;Medio;Baixo
363;5200175;ÁGUA FRIA DE GOIÁS;4985;1594;48.31;98.81;47.8;15.11;63.56;48.56;23.9;3.13;119.1391959;83.51947373;31.6988899;Baixo;Medio;Medio
364;5200209;ÁGUA LIMPA;2007;734;30.93;93.05;27.38;9.91;44.41;29.29;8.04;2.73;2390.964954;16.87788013;3.664475761;Medio;Baixo;Baixo
365;5200258;ÁGUAS LINDAS DE GOIÁS;158976;44228;13.14;81.15;6.22;9.7;67.34;38.52;13.43;3.59;169.9170847;14.03457188;0.082960654;Baixo;Baixo;Baixo
366;5200308;ALEXÂNIA;23704;7409;29.07;81.85;15.14;12.14;59.33;39.44;15.87;3.2;63.44756514;18.1268353;0.524988959;Baixo;Baixo;Baixo
367;5200506;ALOÂNDIA;2047;800;16.5;77.63;13.5;13.55;47.68;25.38;9.5;2.56;55.06517393;16.73075657;3.632611613;Baixo;Baixo;Baixo
368;5200555;ALTO HORIZONTE;4500;1453;14.59;98;14.59;12.99;67.46;27.87;8.12;3.1;1223.429854;124.171147;2.176869414;Medio;Alto;Baixo
369;5200605;ALTO PARAÍSO DE GOIÁS;6794;2110;21.75;53.03;18.96;12.82;65.88;36.3;15.36;3.22;16.87854578;7.233389188;119.2184177;Baixo;Baixo;Alto
370;5200803;ALVORADA DO NORTE;8061;2410;16.27;77.18;17.59;18.32;73.33;47.43;21.78;3.34;3168.589902;47.47101676;1.374060507;Alto;Baixo;Baixo
371;5200829;AMARALINA;3434;1091;65.72;65.72;61.41;15.83;72.95;59.58;31.44;3.15;147.3639758;51.755739;22.40437737;Baixo;Baixo;Medio
372;5200852;AMERICANO DO BRASIL;5488;1922;20.34;98.44;12.75;14.72;55.99;34.91;15.56;2.86;843.2135235;64.66967083;57.86151091;Baixo;Medio;Alto
373;5200902;AMORINÓPOLIS;3529;1286;27.29;90.44;32.04;17.56;50.04;31.03;11.98;2.74;140.0625019;30.84036271;21.62239692;Baixo;Baixo;Medio
374;5201108;ANÁPOLIS;333280;104258;16.32;40.56;1.79;6.65;52.43;23.24;7.01;3.2;1571.436362;31.66830071;1.821878498;Medio;Baixo;Baixo
375;5201207;ANHANGUERA;1010;350;6.86;89.43;8.57;3.34;52.25;15.71;3.71;2.89;196.9405168;61.05073358;42.73054435;Baixo;Medio;Medio
376;5201306;ANICUNS;20120;6825;18.24;40.82;15.68;10.06;55.26;27.91;10.36;2.95;158.0333424;62.16805004;0.610202228;Baixo;Medio;Baixo
377;5201405;APARECIDA DE GOIÂNIA;452879;136382;42.5;63.29;0.55;7.39;61.58;23.85;7.17;3.32;2176.986888;69.88210224;3.090200438;Medio;Medio;Baixo
378;5201454;APARECIDA DO RIO DOCE;2417;818;23.59;32.52;11.86;13.39;58.38;31.05;12.96;2.95;999.1531291;89.01917349;3.285339191;Baixo;Medio;Baixo
379;5201504;APORÉ;3778;1262;33.28;72.27;33.91;13.33;55.48;25.04;6.34;2.99;3416.932455;29.68342601;2.454218391;Alto;Baixo;Baixo
380;5201603;ARAÇU;3794;1299;13.63;93.23;9.62;14.82;54.89;34.03;11.39;2.92;805.2062628;103.7357149;2.465989007;Baixo;Medio;Baixo
381;5201702;ARAGARÇAS;17912;5703;4.51;96.02;4.45;9.63;66.79;28.16;8.78;3.14;2501.423956;183.6493377;35.76480622;Alto;Alto;Medio
382;5201801;ARAGOIÂNIA;8352;2693;43.97;97.88;12.18;11.22;55.27;29.86;11.07;3.1;403.8686769;66.12858288;1.33535496;Baixo;Medio;Baixo
383;5202155;ARAGUAPAZ;7456;2568;38.94;47.55;28.82;17.45;66.14;34.66;12.77;2.9;1226.051492;72.36521008;165.4117357;Medio;Medio;Alto
384;5202353;ARENÓPOLIS;3270;1200;35;70;28.5;13.88;56.55;35.33;13.08;2.73;153.7588276;53.29627348;63.76924057;Baixo;Baixo;Alto
385;5202502;ARUANÃ;7457;2404;37.94;70.01;18.93;12.56;67.34;30.53;10.19;3.1;1161.326953;39.57279823;1.4622868;Medio;Baixo;Baixo
386;5202601;AURILÂNDIA;3621;1362;17.03;97.58;18.36;15.1;58.27;32.97;11.09;2.66;245.5041964;49.53918156;2.528967113;Baixo;Baixo;Baixo
387;5202809;AVELINÓPOLIS;2439;853;22.27;69.64;19.93;12.39;51.22;34.11;12.19;2.86;203.8716166;137.6697722;27.73810146;Baixo;Alto;Medio
388;5203104;BALIZA;3708;1269;71.63;82.43;70.69;16.98;65.32;56.11;34.59;2.92;478.1841184;48.94556588;301.5585928;Baixo;Baixo;Alto
389;5203203;BARRO ALTO;8622;2514;20.92;93.16;17.38;12.02;58.98;25.93;7.76;3.43;8775.849537;112.4532917;59.33660517;Alto;Medio;Alto
390;5203302;BELA VISTA DE GOIÁS;24360;8118;43.11;61.43;13.51;9.66;48.79;24.24;7.87;3;845.3577865;29.09953668;0.510728568;Baixo;Baixo;Baixo
391;5203401;BOM JARDIM DE GOIÁS;8316;2828;31.12;98.3;25.11;15.44;60.39;37.55;14.99;2.94;1329.970482;115.5639367;41.09397519;Medio;Medio;Medio
392;5203500;BOM JESUS DE GOIÁS;20557;6547;30.38;67.48;6.89;11.03;53.47;25.69;9.44;3.14;1538.15161;29.58572516;0.597733586;Medio;Baixo;Baixo
393;5203559;BONFINÓPOLIS;7503;2363;12.99;92.38;7.24;11.07;53.91;30.64;10.11;3.18;290.8925985;39.44323558;1.457503968;Baixo;Baixo;Baixo
394;5203575;BONÓPOLIS;3111;1022;43.25;59.88;36.59;19.3;67.34;41.88;14.58;3.04;1035.622855;109.4381343;60.97729616;Baixo;Medio;Alto
395;5203609;BRAZABRANTES;3220;1082;22;96.12;15.8;11.25;51.83;26.52;7.86;2.98;846.943711;12.61940636;2.741611788;Baixo;Baixo;Baixo
396;5203807;BRITÂNIA;5483;1848;28.73;72.73;15.64;15.26;64.97;32.95;10.44;2.97;146.0675844;106.700905;1.870984661;Baixo;Medio;Baixo
397;5203906;BURITI ALEGRE;8962;3152;10.12;70.78;4.98;9.72;40.09;25.29;8.03;2.84;89.39766691;52.552488;1.25030368;Baixo;Baixo;Baixo
398;5203939;BURITI DE GOIÁS;2556;939;16.4;97.98;17.36;12.32;58.09;26.62;8.73;2.72;233.1730982;110.1761273;3.185145366;Baixo;Medio;Baixo
399;5203962;BURITINÓPOLIS;3308;962;33.47;86.17;40.54;17.38;73.44;54.57;26.72;3.44;1326.496441;52.85447353;2.697901799;Medio;Baixo;Baixo
400;5204003;CABECEIRAS;7324;2308;25.52;78.51;21.75;14.28;69.15;46.06;18.59;3.17;69.60203461;6.844835807;1.488334819;Baixo;Baixo;Baixo
401;5204102;CACHOEIRA ALTA;10328;3401;26.11;25.37;22.73;11.93;45.55;20.35;6.76;3.04;5563.748326;46.14649818;17.52498015;Alto;Baixo;Baixo
402;5204201;CACHOEIRA DE GOIÁS;1417;494;17.21;84.82;16.8;12.99;58.65;33.81;8.1;2.87;477.1125277;20.17692871;4.378623245;Baixo;Baixo;Baixo
403;5204250;CACHOEIRA DOURADA;8247;2741;23.28;56.48;11.75;14.31;53.6;28.24;10.73;3.01;863.9922376;36.52904775;1.34991791;Baixo;Baixo;Baixo
404;5204300;CAÇU;13023;4309;23.58;39.66;19.77;9.34;33.32;16.31;3.6;3.02;3787.176973;24.24651335;21.01014333;Alto;Baixo;Medio
405;5204409;CAIAPÔNIA;16438;5676;24.4;49.31;23.54;14.29;60.58;31.54;11.45;2.9;1713.231122;41.46932881;71.49489832;Medio;Baixo;Alto
406;5204508;CALDAS NOVAS;69923;23014;15.86;36.66;4.13;6.88;49.11;20.6;6.12;3.04;412.7220643;39.69230635;7.120316023;Baixo;Baixo;Baixo
407;5204557;CALDAZINHA;3325;1101;41.78;53.86;27.52;10.98;48.72;36.88;18.89;3.02;239.7905612;12.41031581;2.696269378;Baixo;Baixo;Baixo
408;5204607;CAMPESTRE DE GOIÁS;3383;1068;31.93;98.22;29.78;12.05;66.19;38.48;13.95;3.17;667.1509259;12.24943252;22.56940735;Baixo;Baixo;Medio
409;5204656;CAMPINAÇU;3656;1208;41.56;92.3;40.81;13.03;55.85;41.64;17.63;3.03;165.0373405;11.63011952;59.23676702;Baixo;Baixo;Alto
410;5204706;CAMPINORTE;10999;3422;26.33;68.47;15.43;12.53;64.23;33.96;11.22;3.21;501.4810494;83.30073024;32.41825399;Baixo;Medio;Medio
411;5204805;CAMPO ALEGRE DE GOIÁS;6017;1926;29.75;76.12;23.88;11.46;51.52;24.92;7.84;3.12;133.0382484;7.993063453;1.737709426;Baixo;Baixo;Baixo
412;5204854;CAMPO LIMPO DE GOIÁS;6237;1910;35.86;80.47;15.5;13.53;56.79;33.93;9.79;3.27;2268.140243;7.777472692;1.690893405;Medio;Baixo;Baixo
413;5204904;CAMPOS BELOS;18337;5356;15.57;47.72;9.15;15.14;77.21;46.15;21.71;3.42;4518.981282;58.00710077;45.59751634;Alto;Baixo;Medio
414;5204953;CAMPOS VERDES;4983;1665;40.18;91.53;22.82;18.8;70;53.33;26.85;2.99;199.1433839;505.5517293;32.04643939;Baixo;Alto;Medio
415;5205000;CARMO DO RIO VERDE;8876;3007;21.02;74.86;18.86;10.68;53.82;36.45;13.54;2.95;589.1468189;53.13441445;20.17648893;Baixo;Baixo;Medio
416;5205059;CASTELÂNDIA;3629;1203;24.11;68.08;8.4;23.36;64.9;35.33;14.3;3.02;407.3929376;49.65209115;2.534721197;Baixo;Baixo;Baixo
417;5205109;CATALÃO;86223;27922;7.1;45.67;5.33;6.28;41.55;15.61;4.54;3.09;1182.663091;50.56921303;6.951681136;Medio;Baixo;Baixo
418;5205208;CATURAÍ;4680;1513;28.55;62.59;19.56;13.09;58.07;33.18;9.65;3.09;171.8327618;57.39529588;2.11991131;Baixo;Baixo;Baixo
419;5205307;CAVALCANTE;9340;2682;47.35;84.53;49.03;26.4;83.72;56.86;35.38;3.48;22.92227754;23.72003753;1.211990094;Baixo;Baixo;Baixo
420;5205406;CERES;20671;6838;7.79;62.06;6.6;7.81;50.8;20.59;5.37;3.02;4766.762097;69.97795211;14.03848127;Alto;Medio;Baixo
421;5205455;CEZARINA;7503;2386;20.33;94.76;20.62;10.55;58.85;33.07;10.73;3.14;735.7852345;61.1899878;1.455599585;Baixo;Medio;Baixo
422;5205471;CHAPADÃO DO CÉU;7000;2096;15.79;29.2;12.83;6.23;54.68;10.31;2.91;3.34;1299.962235;30.28831703;13.12118865;Medio;Baixo;Baixo
423;5205497;CIDADE OCIDENTAL;55810;15862;11.63;44.24;6.59;8.32;65.37;30.34;10.82;3.52;203.9918926;14.97858852;3.709522125;Baixo;Baixo;Baixo
424;5205513;COCALZINHO DE GOIÁS;17143;5272;45.73;81.13;24.13;12.76;65.58;41.81;17.05;3.25;269.9086094;113.6511507;0.702596376;Baixo;Medio;Baixo
425;5205521;COLINAS DO SUL;3399;1086;34.25;93.74;31.03;15.39;74.85;45.03;20.17;3.13;115.6169988;11.92595302;99.50736668;Baixo;Baixo;Alto
426;5205703;CÓRREGO DO OURO;2622;952;37.92;84.45;37.71;10.07;56.88;28.68;9.45;2.75;890.2082652;155.4081635;3.134363455;Baixo;Alto;Baixo
427;5205802;CORUMBÁ DE GOIÁS;10201;3200;40.97;73.81;39.84;14.26;63.02;41.47;14.38;3.19;356.3906138;21.83765378;1.115881492;Baixo;Baixo;Baixo
428;5205901;CORUMBAÍBA;8106;2677;24.65;65.33;15.8;10.48;46.9;25.21;9.56;3.03;2729.223423;47.12677832;1.364105679;Alto;Baixo;Baixo
429;5206206;CRISTALINA;45723;13364;31.14;58.22;17.37;10.59;63;34.74;13.04;3.42;94.68150874;22.02341636;14.7989151;Baixo;Baixo;Baixo
430;5206305;CRISTIANÓPOLIS;2918;1042;15.64;96.16;12.96;7;44.54;27.64;7.1;2.8;502.513671;35.39877419;2.925822021;Baixo;Baixo;Baixo
431;5206404;CRIXÁS;15586;5048;36.59;86.29;25.81;11.73;67.31;35.62;16.34;3.09;897.0792761;193.3070759;69.74143327;Baixo;Alto;Alto
432;5206503;CROMÍNIA;3543;1257;21.8;49.96;21.72;10.44;39.61;27.92;11.22;2.82;306.8322601;50.44736617;2.575248617;Baixo;Baixo;Baixo
433;5206602;CUMARI;2933;1035;19.52;47.05;16.62;7.98;38.56;24.73;6.57;2.83;333.8248083;13.38680093;2.908001431;Baixo;Baixo;Baixo
434;5206701;DAMIANÓPOLIS;3248;1044;27.49;88.7;35.25;18.96;68.77;51.44;26.82;3.11;64.22841375;53.09062217;2.709933553;Baixo;Baixo;Baixo
435;5206800;DAMOLÂNDIA;2745;957;24.03;77.95;13.17;13.81;50.64;31.77;8.36;2.87;41.40308104;14.04175485;3.049981406;Baixo;Baixo;Baixo
436;5206909;DAVINÓPOLIS;2049;765;33.33;97.65;33.2;14.43;44.6;20.39;4.84;2.68;101.7172111;16.70345598;3.626698676;Baixo;Baixo;Baixo
437;5207105;DIORAMA;2475;856;37.5;69.63;33.64;12.3;49.62;30.14;9.7;2.89;240.6260658;112.3764242;3.248614534;Baixo;Medio;Baixo
438;5207253;DOVERLÂNDIA;7637;2608;33.82;94.75;35.54;14;62.84;34.39;11.66;2.93;1694.228625;90.49457178;169.3274121;Medio;Medio;Alto
439;5207352;EDEALINA;3721;1362;36.49;93.61;31.42;11.14;48.92;25.33;6.68;2.73;2570.349378;104.7421042;2.489872237;Alto;Medio;Baixo
440;5207402;EDÉIA;11182;3789;21.98;81.76;11.8;12.07;56.26;21.03;5.33;2.95;3983.045514;35.7882887;1.036139217;Alto;Baixo;Baixo
441;5207501;ESTRELA DO NORTE;3297;1080;28.15;74.26;10.28;14.52;64.55;29.17;8.33;3.05;269.4456445;93.30996948;2.698446378;Baixo;Medio;Baixo
442;5207535;FAINA;6868;2352;49.91;90.05;46.68;17.11;61.69;40.09;15.65;2.92;115.6611561;30.37277372;24.76391778;Baixo;Baixo;Medio
443;5207600;FAZENDA NOVA;6228;2240;40.58;65.27;36.65;13.87;43.59;32.63;11.74;2.78;65.15994804;70.66306333;14.25282345;Baixo;Medio;Baixo
444;5207808;FIRMINÓPOLIS;11541;3920;20.77;80.36;21.58;9.89;47.45;26.2;7.09;2.94;489.1004166;12.20095655;1.009764392;Baixo;Baixo;Baixo
445;5207907;FLORES DE GOIÁS;10676;3152;62.75;79.22;67.42;19.12;74.97;61.52;36.87;3.39;849.5498697;48.33162395;0.976213971;Baixo;Baixo;Baixo
446;5208004;FORMOSA;99151;30025;12.14;56.32;9.75;9.68;64.62;32.4;11.97;3.3;428.442866;19.28423258;7.013052257;Baixo;Baixo;Baixo
447;5208103;FORMOSO;4860;1664;27.52;74.4;26.98;12.47;61.89;38.82;15.56;2.92;505.7438876;116.8176666;32.68961693;Baixo;Medio;Medio
448;5208152;GAMELEIRA DE GOIÁS;3273;1059;57.41;98.11;53.35;12.4;56.46;31.16;10.48;3.09;34.89968348;12.52930471;2.722073104;Baixo;Baixo;Baixo
449;5208301;DIVINÓPOLIS DE GOIÁS;4961;1580;30.13;95.82;19.11;20.48;81.08;55.38;31.33;3.14;23.21453798;24.47960655;138.3241945;Baixo;Baixo;Alto
450;5208400;GOIANÁPOLIS;10644;3230;25.63;85.45;4.83;16.76;54.46;40.19;16.01;3.3;85.19321544;45.61409673;1.085350597;Baixo;Baixo;Baixo
451;5208509;GOIANDIRA;5200;1765;14.5;81.08;11.9;8.56;38.42;21.93;6.18;2.95;470.1350857;37.91419634;30.90459251;Baixo;Baixo;Medio
452;5208608;GOIANÉSIA;59172;18060;27.2;44.38;5.86;10.03;59.82;22.71;5.95;3.28;1174.167606;74.56708947;3.487488356;Medio;Medio;Baixo
453;5208707;GOIÂNIA;1299159;422710;7.03;22.24;0.19;4.76;50.36;15.32;5.19;3.07;3307.364514;30.50313686;2.158272133;Alto;Baixo;Baixo
454;5208806;GOIANIRA;33890;10303;35.01;60.76;3.03;10.02;63.35;29.2;8.57;3.29;2185.150569;99.79314421;0.374494601;Medio;Medio;Baixo
455;5208905;GOIÁS;24540;8409;25.09;50.8;23.95;13.33;61.94;29.39;8.94;2.92;512.1454821;138.8373016;4.297333112;Baixo;Alto;Baixo
456;5209101;GOIATUBA;32263;10890;22.87;71.03;7.99;9.24;42.51;22.76;7.15;2.96;298.3750435;16.46002727;3.322919408;Baixo;Baixo;Baixo
457;5209150;GOUVELÂNDIA;4938;1711;41.15;99.06;20.98;17.86;59.99;28.99;9.53;2.89;1036.323026;146.2231545;2.030402429;Baixo;Alto;Baixo
458;5209200;GUAPÓ;13893;4502;24.1;27.17;15.79;11.6;59.33;32.32;9.91;3.09;902.6767366;125.4985898;7.249498153;Baixo;Alto;Baixo
459;5209291;GUARAÍTA;2376;852;44.25;97.77;40.02;10.28;61.57;36.85;12.56;2.79;251.0989327;40.36468065;3.335339374;Baixo;Baixo;Baixo
460;5209408;GUARANI DE GOIÁS;4221;1244;38.99;99.04;57.32;21.76;72.59;57.88;33.84;3.39;187.9552455;95.33329559;2.266555812;Baixo;Medio;Baixo
461;5209457;GUARINOS;2277;809;41.9;99.13;42.89;13.05;65.59;49.94;23.11;2.81;299.8241606;168.1711185;28.75837633;Baixo;Alto;Medio
462;5209606;HEITORAÍ;3566;1202;25.21;59.82;24.71;12.76;55.95;38.1;12.98;2.97;360.468604;50.32112663;2.568815567;Baixo;Baixo;Baixo
463;5209705;HIDROLÂNDIA;17276;5432;45.07;85.49;24.65;8.36;51.91;25.83;6.06;3.18;3175.239867;8.484556867;0.702337988;Alto;Baixo;Baixo
464;5209804;HIDROLINA;4023;1382;28.44;97.97;24.82;10.95;57.43;36.9;12.88;2.91;878.9600167;28.5393357;2.359777041;Baixo;Baixo;Baixo
465;5209903;IACIARA;12368;3402;23.87;88.24;26.48;20.08;77.7;58.47;33.1;3.64;2588.322919;18.58646198;0.949856241;Alto;Baixo;Baixo
466;5209937;INACIOLÂNDIA;5694;1856;44.77;96.28;16.16;18.7;59.99;29.31;9.86;3.07;313.9552651;22.02463521;1.821775726;Baixo;Baixo;Baixo
467;5209952;INDIARA;13648;4301;12.79;92.09;11.11;12.12;57.95;29.02;9.11;3.17;987.5170016;101.8537318;0.871522557;Baixo;Medio;Baixo
468;5210000;INHUMAS;47745;15303;15.81;64.54;5.58;10.11;50.84;23;5.8;3.12;368.9003377;39.35509076;0.26818216;Baixo;Baixo;Baixo
469;5210109;IPAMERI;24538;8136;15.45;38.45;12.95;9.74;50.54;28.6;9.35;3.02;411.466694;9.912736209;4.297333112;Baixo;Baixo;Baixo
470;5210158;IPIRANGA DE GOIÁS;2829;1016;49.11;99.61;37.5;11.86;51.93;33.86;12.01;2.78;244.7795228;103.2023473;2.983945324;Baixo;Medio;Baixo
471;5210208;IPORÁ;30993;11074;10.89;75.28;11.15;11.67;49.43;25.53;7.87;2.8;3546.419894;41.37923915;21.67627535;Alto;Baixo;Medio
472;5210307;ISRAELÂNDIA;2868;1014;30.47;94.87;28.21;12.18;63.15;32.45;8.38;2.83;308.3979687;57.89992754;25.0587724;Baixo;Baixo;Medio
473;5210406;ITABERAÍ;35135;11198;28.01;73.03;13.93;10.22;56.54;25.49;6.98;3.14;439.9435672;71.8544784;3.060032053;Baixo;Medio;Baixo
474;5210562;ITAGUARI;4510;1579;21.22;65.86;14;14.04;57.81;25.08;6.27;2.86;3769.183346;26.31108496;2.175806507;Alto;Baixo;Baixo
475;5210604;ITAGUARU;5415;1870;18.24;82.57;16.9;13.47;71.4;31.07;8.82;2.9;4173.245266;51.22140637;1.892170319;Alto;Baixo;Baixo
476;5210802;ITAJÁ;5006;1697;23.69;14.44;21.74;10.52;43.66;25.57;7.42;2.95;1070.814187;24.11751522;16.91535269;Baixo;Baixo;Baixo
477;5210901;ITAPACI;18389;5921;30.64;85.04;11.84;12.4;58.13;30.37;9.54;3.11;3259.323329;57.75901006;5.635423381;Alto;Baixo;Baixo
478;5211008;ITAPIRAPUÃ;7802;2772;29.65;77.49;29.58;15.69;62.28;33.33;10.89;2.81;27.37825361;80.33529606;33.03099988;Baixo;Medio;Medio
479;5211206;ITAPURANGA;26000;9135;26.11;27.48;20.09;13.01;48.83;31.89;9.94;2.85;573.8052386;49.12739122;11.30432705;Baixo;Baixo;Baixo
480;5211305;ITARUMÃ;6211;2057;41.08;34.27;26.74;12.37;50.41;22.51;6.51;3.02;5249.838081;20.36827369;14.28875147;Alto;Baixo;Baixo
481;5211404;ITAUÇU;8565;2894;19.87;34.59;16.45;11.48;49.71;26.54;7.12;2.96;499.9525093;74.8248815;1.312542049;Baixo;Medio;Baixo
482;5211503;ITUMBIARA;92359;30715;18.81;21.58;4.07;8.18;46.17;19.04;5.44;3.01;333.4175127;35.54461196;2.256001895;Baixo;Baixo;Baixo
483;5211602;IVOLÂNDIA;2657;985;46.4;95.03;47.92;13.43;51.78;34.62;9.85;2.7;188.1518077;14.31669763;3.109574923;Baixo;Baixo;Baixo
484;5211701;JANDAIA;6155;2235;32.48;83.49;19.82;12.72;60.85;26.09;7.83;2.75;978.7001402;161.9069535;1.71387192;Baixo;Alto;Baixo
485;5211800;JARAGUÁ;41739;12997;19.37;84.02;16.6;10.38;59.93;27.8;7.59;3.21;210.0638377;63.45899378;25.58050351;Baixo;Medio;Medio
486;5211909;JATAÍ;87289;27661;16.89;29.16;7.17;7.39;55.49;19.48;6.08;3.16;4754.296728;27.44821293;12.41433411;Alto;Baixo;Baixo
487;5212006;JAUPACI;2949;1050;22.38;78.57;26.1;16.09;54.13;34.76;12.67;2.81;102.8086439;56.49841963;24.45339654;Baixo;Baixo;Medio
488;5212055;JESÚPOLIS;2289;742;26.42;95.28;20.35;15.77;71.3;38.27;12.26;3.08;49.30281494;15.66801494;3.402401008;Baixo;Baixo;Baixo
489;5212105;JOVIÂNIA;7069;2408;21.84;34.22;10.42;11.52;49.1;23.42;6.4;2.94;127.5029795;98.61679944;1.528844845;Baixo;Medio;Baixo
490;5212204;JUSSARA;18999;6425;23.18;36.25;17.71;12.43;54.04;28.39;8.59;2.96;1602.15925;302.2939986;44.07701962;Medio;Alto;Medio
491;5212253;LAGOA SANTA;1242;432;39.58;74.31;33.56;7.67;49.28;19.68;4.86;2.88;1202.063951;90.58136795;4.617586554;Medio;Medio;Baixo
492;5212303;LEOPOLDO DE BULHÕES;7868;2544;34.16;75.24;25.39;14.12;51.45;34.94;14.5;3.09;1007.01711;6.463767177;1.405554784;Baixo;Baixo;Baixo
493;5212501;LUZIÂNIA;173445;49847;41.28;72.6;8.92;9.68;63.57;34.91;12.87;3.48;672.3682534;23.62120492;2.346256361;Baixo;Baixo;Baixo
494;5212600;MAIRIPOTABA;2347;848;33.25;96.58;25;11.39;35.68;30.66;12.15;2.77;250.4876014;15.33548616;3.330353937;Baixo;Baixo;Baixo
495;5212709;MAMBAÍ;6833;1916;23.23;84.39;29.59;19.08;73.47;60.02;31.32;3.57;2426.657368;18.96364941;13.30443044;Alto;Baixo;Baixo
496;5212808;MARA ROSA;10616;3477;24.59;56.72;24.01;14.51;62.99;34.54;11.22;3.05;2300.259193;61.97445302;9.220614614;Medio;Medio;Baixo
497;5212907;MARZAGÃO;2067;709;13.54;98.31;11.57;11.03;44.84;26.38;8.74;2.92;2185.512664;43.63836803;3.605181622;Medio;Baixo;Baixo
498;5212956;MATRINCHÃ;4353;1490;29.46;86.64;26.71;16.81;62.75;33.29;10.4;2.92;92.72710719;92.93458087;2.209611872;Baixo;Medio;Baixo
499;5213004;MAURILÂNDIA;11396;3554;6.92;91.02;7.01;15.32;60.32;26.36;8.22;3.21;3690.369206;35.10754115;1.016443897;Alto;Baixo;Baixo
500;5213053;MIMOSO DE GOIÁS;2679;867;54.56;81.55;54.21;18.86;72.29;50.63;22.49;3.09;42.32930873;83.816767;49.37826314;Baixo;Medio;Medio
501;5213087;MINAÇU;30862;9749;15.46;44.56;15.06;13.5;66.26;34.75;14.71;3.17;173.4347975;221.5467551;58.36091458;Baixo;Alto;Alto
502;5213103;MINEIROS;52644;15933;9.18;13.38;8.52;8.55;53.27;21.85;7.49;3.3;4807.071899;30.43392615;46.03230415;Alto;Baixo;Medio
503;5213400;MOIPORÁ;1749;636;33.18;90.72;33.49;14.88;45.6;35.69;11.64;2.75;333.7826987;18.11757897;3.932915846;Baixo;Baixo;Baixo
504;5213509;MONTE ALEGRE DE GOIÁS;7705;2176;45.63;91.5;47.79;24.69;82.2;59.47;34.24;3.54;66.08123344;102.6168962;1.425488331;Baixo;Medio;Baixo
505;5213707;MONTES CLAROS DE GOIÁS;7945;2741;38.82;90.04;37.03;11.39;53.8;28.35;8.28;2.9;3242.130093;68.7044831;32.52025182;Alto;Medio;Medio
506;5213756;MONTIVIDIU;10481;3286;23.4;90.35;16.46;10.26;50.42;23.86;7.91;3.19;226.7128193;37.81188108;9.283282875;Baixo;Baixo;Baixo
507;5213772;MONTIVIDIU DO NORTE;3972;1238;56.3;55.25;56.3;17.37;67.49;63;41.68;3.21;289.8056837;28.11678927;124.0619252;Baixo;Baixo;Alto
508;5213806;MORRINHOS;41204;14235;14.95;36.82;7.28;8.45;42.93;19.87;5.62;2.89;1916.48308;19.99393215;7.271892184;Medio;Baixo;Baixo
509;5213855;MORRO AGUDO DE GOIÁS;2348;827;30.11;99.03;29.38;12.36;51.57;34.82;8.95;2.84;47.85477117;40.43546021;28.33430681;Baixo;Baixo;Medio
510;5213905;MOSSÂMEDES;5006;1756;27.85;90.15;30.69;13.66;47.89;29.78;9.34;2.85;199.8083103;24.33934364;17.07072404;Baixo;Baixo;Baixo
511;5214002;MOZARLÂNDIA;13323;4301;31.27;93.82;10.25;13.09;63.94;28.27;9.7;3.1;779.6697205;110.5400943;14.18757658;Baixo;Medio;Baixo
512;5214051;MUNDO NOVO;6405;2166;46.35;60.53;46.72;19.37;68.47;43.44;17.96;2.96;110.2126867;268.5322338;38.88862188;Baixo;Alto;Medio
513;5214101;MUTUNÓPOLIS;3848;1311;37.45;81.85;38.14;18.18;64.85;40.12;15.56;2.94;1277.174754;11.23032829;111.967373;Medio;Baixo;Alto
514;5214408;NAZÁRIO;7840;2717;9.24;94.81;7.36;11.96;51.92;27.16;7.84;2.89;1635.249038;153.817194;1.40570258;Medio;Alto;Baixo
515;5214507;NERÓPOLIS;24130;7381;18.21;29.49;3.24;9.28;54.21;30.93;9.77;3.27;696.8898814;60.48257459;0.517650323;Baixo;Medio;Baixo
516;5214606;NIQUELÂNDIA;41844;12978;23.96;77.26;21.38;12.32;67.39;35.31;15.29;3.22;1575.769061;62.74951989;141.1612681;Medio;Medio;Alto
517;5214705;NOVA AMÉRICA;2250;775;27.1;98.84;22.58;15.8;59.05;31.1;7.1;2.9;1032.842594;41.59194665;3.436511614;Baixo;Baixo;Baixo
518;5214804;NOVA AURORA;2053;733;10.78;97.82;5.87;9.34;33.61;20.19;5.87;2.8;286.3969352;43.67378869;3.608100719;Baixo;Baixo;Baixo
519;5214838;NOVA CRIXÁS;11843;3934;44.97;89.55;34.24;18.84;70.6;34.9;13.01;3.01;1935.187817;122.722521;8.368461;Medio;Alto;Baixo
520;5214861;NOVA GLÓRIA;8471;2966;28.52;87.63;23.94;14.63;57.38;39.18;14.43;2.86;2769.311084;25.77837608;1.317068012;Alto;Baixo;Baixo
521;5214879;NOVA IGUAÇU DE GOIÁS;2821;931;32.44;38.13;28.14;9.79;70.74;40.17;15.15;3.03;1688.378636;126.0762302;2.995982487;Medio;Alto;Baixo
522;5214903;NOVA ROMA;3459;1126;16.61;89.52;58.35;19.04;80.61;47.25;23.18;3.07;61.13846516;12.05469219;2.619144048;Baixo;Baixo;Baixo
523;5215009;NOVA VENEZA;8078;2475;18.14;93.13;8.97;8.66;46.38;30.34;8.81;3.26;123.829346;16.54557291;1.368994897;Baixo;Baixo;Baixo
524;5215207;NOVO BRASIL;3501;1332;27.4;94.59;28.15;12.77;50.18;26.43;8.26;2.63;310.1540183;50.82991395;2.594742554;Baixo;Baixo;Baixo
525;5215231;NOVO GAMA;94944;26513;12.08;60.96;4.78;9.62;69.3;37.07;14.13;3.58;229.4157759;16.15706347;4.277001799;Baixo;Baixo;Baixo
526;5215256;NOVO PLANALTO;3939;1340;36.04;88.66;37.46;18.77;74.8;46.64;22.76;2.94;870.7413081;118.533608;2.391865048;Baixo;Medio;Baixo
527;5215306;ORIZONA;14258;4867;47.28;90.55;23.51;7.83;37.92;26.01;8.3;2.93;814.9220406;10.14000106;13.39572091;Baixo;Baixo;Baixo
528;5215405;OURO VERDE DE GOIÁS;4034;1334;34.71;98.58;32.01;10.62;52.48;37.11;15.22;3.02;295.0027988;10.83795122;2.35520391;Baixo;Baixo;Baixo
529;5215504;OUVIDOR;5449;1820;16.43;94.73;9.84;6.75;34.55;21.87;6.87;2.99;201.9564619;8.68354196;1.887628318;Baixo;Baixo;Baixo
530;5215603;PADRE BERNARDO;27400;8042;42.66;76.26;31.43;15.47;68.66;45.4;18.78;3.41;123.0336069;445.5387529;3.865916031;Baixo;Alto;Baixo
531;5215652;PALESTINA DE GOIÁS;3312;1114;39.86;94.61;35.1;8.74;44.53;27.02;7.18;2.97;2080.848651;32.22568253;82.37548891;Medio;Baixo;Alto
532;5215702;PALMEIRAS DE GOIÁS;23239;7730;36.91;36.92;17.49;9.59;52.23;25.9;7.21;3.01;1119.467652;58.55040729;0.535396605;Medio;Baixo;Baixo
533;5215801;PALMELO;2279;784;8.67;41.07;4.72;9.55;52.76;24.23;8.67;2.91;3016.892631;40.70054321;3.363028293;Alto;Baixo;Baixo
534;5215900;PALMINÓPOLIS;3541;1275;25.41;70.9;23.29;12.24;47.15;26.04;7.53;2.78;141.8289086;11.83860042;2.572275518;Baixo;Baixo;Baixo
535;5216007;PANAMÁ;2649;980;26.43;99.29;24.9;15.18;46.16;25.41;7.86;2.7;838.8625619;14.27344487;3.100200261;Baixo;Baixo;Baixo
536;5216304;PARANAIGUARA;9006;3066;8.55;9.69;8.19;13.77;50.38;24.85;7.89;2.94;566.7637205;15.02127539;10.540895;Baixo;Baixo;Baixo
537;5216403;PARAÚNA;10709;3511;25.63;36.43;24.69;11.29;51.27;29.17;8.54;3.05;778.0893081;133.0517642;17.07479817;Baixo;Alto;Baixo
538;5216452;PEROLÂNDIA;2929;929;42.09;79.12;36.28;13.57;69.59;33.05;11.19;3.15;3068.49195;13.41897363;2.914976426;Alto;Baixo;Baixo
539;5216809;PETROLINA DE GOIÁS;10167;3281;37.24;92.56;30.75;10.09;51.38;31.06;8.96;3.1;69.16232936;13.55092687;1.121404221;Baixo;Baixo;Baixo
540;5216908;PILAR DE GOIÁS;2730;901;54.38;98.22;57.38;12.53;64.7;39.4;13.43;3.03;111.2425331;13.98102353;25.75325249;Baixo;Baixo;Medio
541;5217104;PIRACANJUBA;23859;8461;33.79;68.4;17.09;9.98;49.34;23.85;6.82;2.82;1484.997285;41.36470566;0.520796263;Medio;Baixo;Baixo
542;5217203;PIRANHAS;11114;4015;20.85;98.41;18.78;13.89;59.11;31.91;10.68;2.77;318.5812054;128.8419871;39.78335604;Baixo;Alto;Medio
543;5217302;PIRENÓPOLIS;22825;7265;28;66.77;16.45;11.3;51.22;31.22;10.46;3.14;65.5386004;42.98632473;12.68641403;Baixo;Baixo;Baixo
544;5217401;PIRES DO RIO;28635;9367;7.22;57.46;5.88;7.98;43.2;23.06;6.94;3.06;1446.178089;21.81603515;10.33294907;Medio;Baixo;Baixo
545;5217609;PLANALTINA;81333;22840;14.8;75.02;11.48;12.19;69.85;38.7;14.13;3.56;461.6649984;10.34873887;3.764270585;Baixo;Baixo;Baixo
546;5217708;PONTALINA;17032;6062;26.53;58.25;16.91;13.67;50.39;26.97;8.78;2.81;2803.5853;56.64220002;0.71305207;Alto;Baixo;Baixo
547;5218003;PORANGATU;42194;13452;21.01;90.1;14.91;10.98;64.25;33.65;11.37;3.14;1105.43375;169.6432029;29.854642;Medio;Alto;Medio
548;5218052;PORTEIRÃO;3312;1068;18.82;95.04;12.36;12.07;61.1;18.82;5.15;3.1;267.1698198;32.45244098;2.682742307;Baixo;Baixo;Baixo
549;5218102;PORTELÂNDIA;3832;1236;31.8;98.06;18.37;13.71;51.68;27.83;9.95;3.1;896.0287485;11.23649201;38.9706862;Baixo;Baixo;Medio
550;5218300;POSSE;31249;8988;22.53;50.97;27.02;15.76;70.17;46.6;21.25;3.48;683.0145724;7.911230494;9.480756085;Baixo;Baixo;Baixo
551;5218391;PROFESSOR JAMIL;3228;1094;30.16;92.78;27.24;13.94;53.75;30.44;9.41;2.95;2767.590417;135.7867688;2.739364611;Alto;Alto;Baixo
552;5218508;QUIRINÓPOLIS;42871;14177;27.29;18.89;10.93;10.25;47.96;19.8;4.87;3.02;810.4722262;41.48469681;2.526083925;Baixo;Baixo;Baixo
553;5218607;RIALMA;10447;3357;8.82;49;8.04;7.93;59.67;26.01;6.67;3.11;5858.77137;54.46909405;1.10008738;Alto;Baixo;Baixo
554;5218706;RIANÁPOLIS;4547;1449;14.29;84.4;12.22;14.82;64.85;30.02;7.59;3.14;3385.566523;90.80023056;82.90700107;Alto;Medio;Alto
555;5218789;RIO QUENTE;3258;1082;20.79;13.77;10.63;5.5;46.53;23.94;9.06;3.01;2300.93751;113.6933139;2.702264601;Medio;Medio;Baixo
556;5218805;RIO VERDE;175736;55487;17.36;38.74;7.07;7.35;53.25;20.75;6.71;3.17;1742.56764;28.41434289;9.618202839;Medio;Baixo;Baixo
557;5218904;RUBIATABA;18761;6347;17.16;95.04;15.03;9.47;49.5;28.79;8.22;2.96;951.5626919;46.95571616;49.47097568;Baixo;Baixo;Medio
558;5219001;SANCLERLÂNDIA;7506;2670;14.08;91.69;14.98;11.7;48.83;24.19;6.89;2.81;538.2498099;71.9714934;1.453226092;Baixo;Medio;Baixo
559;5219100;SANTA BÁRBARA DE GOIÁS;5747;1858;11.09;8.02;6.4;12.86;62.88;30.25;10.55;3.09;893.7662925;157.4162541;1.80969155;Baixo;Alto;Baixo
560;5219209;SANTA CRUZ DE GOIÁS;3136;1108;57.94;97.02;55.05;14.15;46.59;29.69;8.48;2.83;98.28670903;12.87872678;2.797842926;Baixo;Baixo;Baixo
561;5219258;SANTA FÉ DE GOIÁS;4734;1563;27.32;95.46;21.11;12.74;65.16;25.27;6.59;3.03;3505.510131;56.51574471;2.087470946;Alto;Baixo;Baixo
562;5219308;SANTA HELENA DE GOIÁS;36279;11871;15.16;32.99;4.65;12.54;56.89;25.52;7.08;3.06;430.0758287;93.50989332;5.600940165;Baixo;Medio;Baixo
563;5219357;SANTA ISABEL;3677;1284;32.09;97.82;30.22;13.34;62.32;33.33;10.05;2.86;216.998519;30.41614149;2.514695556;Baixo;Baixo;Baixo
564;5219407;SANTA RITA DO ARAGUAIA;6902;2260;12.61;98.1;11.68;10.39;61.14;25.49;8.1;3.05;4792.582085;42.24644513;48.26758351;Alto;Baixo;Medio
565;5219456;SANTA RITA DO NOVO DESTINO;3134;966;49.07;45.13;46.89;21.45;66.66;34.99;11.59;3.24;373.8164347;54.49618694;86.00912257;Baixo;Baixo;Alto
566;5219506;SANTA ROSA DE GOIÁS;2893;996;30.22;98.69;20.78;13.9;32.9;37.85;14.06;2.9;72.6449217;79.74800138;2.943862371;Baixo;Medio;Baixo
567;5219605;SANTA TEREZA DE GOIÁS;3977;1379;18.85;48.37;16.39;14.14;69.11;44.09;21.03;2.88;3143.465303;46.53226999;20.1468586;Alto;Baixo;Medio
568;5219704;SANTA TEREZINHA DE GOIÁS;10211;3302;46.79;85.22;24.89;13.37;64.63;47.09;20.2;3.09;742.7316049;164.3967018;1.119619757;Baixo;Alto;Baixo
569;5219712;SANTO ANTÔNIO DA BARRA;4416;1434;29.01;87.52;16.25;17.4;61.54;28.38;9.76;3.08;1509.441672;43.15970421;2.203783779;Medio;Baixo;Baixo
570;5219738;SANTO ANTÔNIO DE GOIÁS;4688;1407;14.5;90.12;7.11;9.42;58.13;26.58;8.32;3.33;359.537834;9.722761013;2.113209198;Baixo;Baixo;Baixo
571;5219753;SANTO ANTÔNIO DO DESCOBERTO;63071;17892;29.33;55.51;17.58;11.03;66.39;40.63;15.35;3.53;583.6503588;22.55519186;0.206295337;Baixo;Baixo;Baixo
572;5219803;SÃO DOMINGOS;11147;3295;39.18;93.81;43.92;22.29;71.78;58.36;36.6;3.38;28.02516425;43.64598642;117.5696639;Baixo;Baixo;Alto
573;5219902;SÃO FRANCISCO DE GOIÁS;6086;2020;29.7;98.32;27.08;14.96;58.99;34.11;13.02;3.01;470.2729626;46.67075043;14.62232956;Baixo;Baixo;Baixo
574;5220009;SÃO JOÃO D'ALIANÇA;10136;2816;37.14;94;36.79;14.76;74.43;49.15;20.06;3.6;243.4433848;5.169491573;9.534686757;Baixo;Baixo;Baixo
575;5220058;SÃO JOÃO DA PARAÚNA;1689;610;26.23;15.41;22.62;11.78;48.49;32.3;11.48;2.77;178.4216364;78.76407129;34.06400044;Baixo;Medio;Medio
576;5220108;SÃO LUÍS DE MONTES BELOS;29822;10464;15.77;43.6;10.52;9.54;51.02;23.98;5.97;2.85;1848.834844;36.66440626;6.733816299;Medio;Baixo;Baixo
577;5220157;SÃO LUÍZ DO NORTE;4605;1501;57.89;85.08;18.12;15.81;63.31;37.04;12.33;3.07;131.2470254;57.88247486;2.137879248;Baixo;Baixo;Baixo
578;5220207;SÃO MIGUEL DO ARAGUAIA;22111;7264;45.75;56.17;17.13;11.92;60.09;38.7;14.65;3.04;679.9378663;203.2279854;33.98934396;Baixo;Alto;Medio
579;5220264;SÃO MIGUEL DO PASSA QUATRO;3713;1238;46.04;61.07;33.44;12.34;44.98;24.47;6.95;3;498.3339333;29.95888414;2.476954849;Baixo;Baixo;Baixo
580;5220280;SÃO PATRÍCIO;1990;701;41.37;79.89;36.95;11.66;49.72;32.95;8.13;2.84;104.6060046;16.97584432;3.685692162;Baixo;Baixo;Baixo
581;5220405;SÃO SIMÃO;16863;5526;3;13.5;3.09;11.43;59.42;21.66;6.23;3.05;2638.954903;115.5035304;6.055323711;Alto;Medio;Baixo
582;5220454;SENADOR CANEDO;84282;24260;18.89;74.74;1.46;8.79;66.17;31.06;9.59;3.47;1099.802589;61.16079021;2.480015401;Medio;Medio;Baixo
583;5220504;SERRANÓPOLIS;7408;2423;26.78;97.15;22.99;12.1;63.09;22.95;7.3;3.06;2474.706735;6.746343666;56.33301717;Alto;Baixo;Alto
584;5220603;SILVÂNIA;18942;6162;35.91;60.97;33.35;8.58;50.26;25.51;7.34;3.07;214.6396349;22.26601114;0.644815116;Baixo;Baixo;Baixo
585;5220686;SIMOLÂNDIA;6464;1824;16.61;98.57;18.97;17.53;73.15;56.63;24.29;3.54;745.2228343;56.69224543;13.91347464;Baixo;Baixo;Baixo
586;5220702;SÍTIO D'ABADIA;2798;832;40.75;99.28;62.26;22.96;72.85;62.62;35.1;3.36;40.34929471;13.80814708;2.999343398;Baixo;Baixo;Baixo
587;5221007;TAQUARAL DE GOIÁS;3515;1280;21.41;94.45;18.75;10.94;49.59;22.58;5.63;2.75;776.879787;108.6544682;2.582711521;Baixo;Medio;Baixo
588;5221080;TERESINA DE GOIÁS;2976;812;28.57;96.67;28.2;16.72;83.39;49.01;25.25;3.67;327.9067817;13.22822406;2.873621236;Baixo;Baixo;Baixo
589;5221197;TEREZÓPOLIS DE GOIÁS;6520;1974;25.43;92.65;5.57;13.17;59.64;37.34;13.83;3.3;483.9195376;31.92312212;1.630667142;Baixo;Baixo;Baixo
590;5221304;TRÊS RANCHOS;2813;944;26.48;60.17;9;6.54;39.45;27.12;9.43;2.98;419.2648956;13.82057562;3.00203756;Baixo;Baixo;Baixo
591;5221403;TRINDADE;103648;31934;15.32;50.77;3.56;9.34;60.36;28.42;9.1;3.25;870.2092357;62.7648151;2.952347593;Baixo;Medio;Baixo
592;5221452;TROMBAS;3441;1160;35.95;98.97;38.28;16.13;65.06;48.36;23.19;2.97;1055.620984;12.13327852;42.07536958;Baixo;Baixo;Medio
593;5221502;TURVÂNIA;4811;1723;18.86;79.86;17.64;12.1;53.69;32.04;11.03;2.79;714.1104915;40.42968717;2.064581653;Baixo;Baixo;Baixo
594;5221551;TURVELÂNDIA;4387;1379;31.54;85.13;26.25;17.77;70.54;30.82;7.9;3.18;583.5122763;126.3553685;2.215103775;Baixo;Alto;Baixo
595;5221577;UIRAPURU;2921;994;40.85;77.36;34.91;16.19;72.01;41.45;13.88;2.94;237.4072486;79.2235747;24.80111833;Baixo;Medio;Medio
596;5221601;URUAÇU;36642;11710;24.08;56.56;10.49;11.01;66.41;31.2;10.18;3.13;148.9738581;56.03012735;52.1799455;Baixo;Baixo;Medio
597;5221700;URUANA;13767;4745;21.98;88.18;19.37;12.17;52.34;37.64;12.92;2.9;2431.597491;16.92248869;136.7247729;Alto;Baixo;Alto
598;5221809;URUTAÍ;3061;1031;27.64;97.19;26.48;9.02;46.49;25.51;7.95;2.97;323.5269704;55.79897439;2.847909787;Baixo;Baixo;Baixo
599;5221858;VALPARAÍSO DE GOIÁS;132729;39405;24.65;31.06;2.18;5.76;63.42;24.26;8.73;3.37;147.4615134;14.57501917;0.84236707;Baixo;Baixo;Baixo
600;5221908;VARJÃO;3450;1265;38.81;98.34;20.95;15.27;52.69;26.17;7.67;2.73;111.3593948;68.34683483;2.523715439;Baixo;Medio;Baixo
601;5222005;VIANÓPOLIS;12490;3990;31.75;82.33;19.7;8.39;55.03;25.24;6.92;3.13;325.8541951;18.44092757;29.14102796;Baixo;Baixo;Medio
602;5222054;VICENTINÓPOLIS;7281;2350;12.17;96.94;12.89;11.87;52.87;24.26;8.26;3.1;686.2017766;62.39365697;1.484203814;Baixo;Medio;Baixo
603;5222203;VILA BOA;4704;1403;27.44;74.34;22.17;16.02;81.71;46.47;20.74;3.35;45.00690087;9.643379205;2.095980416;Baixo;Baixo;Baixo
604;5222302;VILA PROPÍCIO;4787;1482;59.18;93.05;48.31;19.42;72.07;51.62;24.83;3.23;1513.407917;23.83616839;134.6932629;Medio;Baixo;Alto
605;5300108;BRASILIA;2556511;774021;4.89;11.08;2.16;5.02;56.19;18;6.26;3.3;587.2759557;10.04504372;2.656699198;Baixo;Baixo;Baixo
